short_x,short_y,match_x,match_y,2_x,2_y,3_x,3_y,4_x,4_y,x0005,y0005
27.,2484.,27.,3936.,2000.,2630.,2000.,2612.,2000.,2648.,2000.,2648.
28.,2467.,37.,3934.,2010.,2600.,2010.,2591.,2001.,2621.,2001.,2621.
29.,2436.,47.,3928.,2020.,2562.,2020.,2568.,2002.,2600.,2002.,2600.
30.,2409.,57.,3922.,2030.,2566.,2030.,2575.,2003.,2594.,2003.,2594.
31.,2388.,67.,3926.,2040.,2561.,2040.,2563.,2004.,2593.,2004.,2593.
32.,2371.,77.,3923.,2050.,2565.,2050.,2566.,2005.,2594.,2005.,2594.
33.,2353.,87.,3920.,2060.,2593.,2060.,2599.,2006.,2597.,2006.,2597.
34.,2336.,97.,3919.,2070.,2662.,2070.,2655.,2007.,2593.,2007.,2593.
35.,2322.,107.,3912.,2080.,2689.,2080.,2683.,2008.,2593.,2008.,2593.
36.,2313.,117.,3915.,2090.,2756.,2090.,2763.,2009.,2587.,2009.,2587.
37.,2299.,127.,3912.,2100.,2913.,2100.,2911.,2010.,2591.,2010.,2591.
38.,2285.,137.,3914.,2110.,3103.,2110.,3093.,2011.,2590.,2011.,2590.
39.,2272.,147.,3910.,2120.,3316.,2120.,3308.,2012.,2585.,2012.,2585.
40.,2261.,157.,3901.,2130.,3503.,2130.,3494.,2013.,2591.,2013.,2591.
41.,2253.,167.,3899.,2140.,3575.,2140.,3576.,2014.,2589.,2014.,2589.
42.,2236.,177.,3891.,2150.,3700.,2150.,3705.,2015.,2586.,2015.,2586.
43.,2229.,187.,3898.,2160.,3761.,2160.,3766.,2016.,2575.,2016.,2575.
44.,2222.,197.,3891.,2170.,3774.,2170.,3787.,2017.,2567.,2017.,2567.
45.,2216.,207.,3887.,2180.,3736.,2180.,3718.,2018.,2562.,2018.,2562.
46.,2209.,217.,3880.,2190.,3604.,2190.,3584.,2019.,2563.,2019.,2563.
47.,2213.,227.,3879.,2200.,3463.,2200.,3454.,2020.,2564.,2020.,2564.
48.,2204.,237.,3879.,2210.,3351.,2210.,3313.,2021.,2566.,2021.,2566.
49.,2198.,247.,3877.,2220.,3235.,2220.,3239.,2022.,2562.,2022.,2562.
50.,2193.,257.,3876.,2230.,3136.,2230.,3157.,2023.,2566.,2023.,2566.
51.,2187.,267.,3877.,2240.,3071.,2240.,3078.,2024.,2563.,2024.,2563.
52.,2187.,277.,3867.,2250.,3049.,2250.,3057.,2025.,2566.,2025.,2566.
53.,2180.,287.,3861.,2260.,2988.,2260.,2994.,2026.,2570.,2026.,2570.
54.,2175.,297.,3857.,2270.,2976.,2270.,2979.,2027.,2567.,2027.,2567.
55.,2174.,307.,3853.,2280.,2938.,2280.,2945.,2028.,2565.,2028.,2565.
56.,2169.,317.,3850.,2290.,2966.,2290.,2946.,2029.,2565.,2029.,2565.
57.,2164.,327.,3847.,2300.,2969.,2300.,2962.,2030.,2567.,2030.,2567.
58.,2146.,337.,3840.,2310.,2991.,2310.,2985.,2031.,2563.,2031.,2563.
59.,2140.,347.,3837.,2320.,3057.,2320.,3054.,2032.,2562.,2032.,2562.
60.,2132.,357.,3830.,2330.,3133.,2330.,3135.,2033.,2559.,2033.,2559.
61.,2125.,367.,3831.,2340.,3230.,2340.,3225.,2034.,2558.,2034.,2558.
62.,2117.,377.,3829.,2350.,3363.,2350.,3367.,2035.,2560.,2035.,2560.
63.,2111.,387.,3825.,2360.,3386.,2360.,3395.,2036.,2560.,2036.,2560.
64.,2103.,397.,3822.,2370.,3565.,2370.,3567.,2037.,2558.,2037.,2558.
65.,2098.,407.,3816.,2380.,3662.,2380.,3673.,2038.,2559.,2038.,2559.
66.,2093.,417.,3810.,2390.,3863.,2390.,3865.,2039.,2558.,2039.,2558.
67.,2091.,427.,3801.,2400.,3891.,2400.,3876.,2040.,2558.,2040.,2558.
68.,2077.,437.,3794.,2410.,3881.,2410.,3879.,2041.,2558.,2041.,2558.
69.,2081.,447.,3795.,2420.,3840.,2420.,3841.,2042.,2555.,2042.,2555.
70.,2079.,457.,3790.,2430.,3751.,2430.,3751.,2043.,2557.,2043.,2557.
71.,2077.,467.,3785.,2440.,3555.,2440.,3559.,2044.,2558.,2044.,2558.
72.,2069.,477.,3789.,2450.,3360.,2450.,3361.,2045.,2557.,2045.,2557.
73.,2068.,487.,3797.,2460.,3237.,2460.,3240.,2046.,2560.,2046.,2560.
74.,2068.,497.,3796.,2470.,3281.,2470.,3286.,2047.,2559.,2047.,2559.
75.,2064.,507.,3801.,2480.,3042.,2480.,3041.,2048.,2558.,2048.,2558.
76.,2058.,517.,3810.,2490.,2955.,2490.,2961.,2049.,2556.,2049.,2556.
77.,2056.,527.,3813.,2500.,2896.,2500.,2901.,2050.,2555.,2050.,2555.
78.,2057.,537.,3822.,2500.,2779.,2510.,2839.,2051.,2553.,2051.,2553.
79.,2051.,547.,3825.,,,2520.,2819.,2052.,2555.,2052.,2555.
80.,2045.,557.,3826.,,,2530.,2796.,2053.,2554.,2053.,2554.
81.,2037.,567.,3829.,,,2540.,2769.,2054.,2560.,2054.,2560.
82.,2045.,577.,3829.,,,2550.,2750.,2055.,2557.,2055.,2557.
83.,2041.,587.,3827.,,,2560.,2777.,2056.,2558.,2056.,2558.
84.,2034.,597.,3828.,,,2570.,2796.,2057.,2560.,2057.,2560.
85.,2032.,607.,3828.,,,2580.,2816.,2058.,2560.,2058.,2560.
86.,2029.,617.,3826.,,,2590.,2838.,2059.,2563.,2059.,2563.
87.,2029.,627.,3826.,,,2600.,2895.,2060.,2566.,2060.,2566.
88.,2030.,637.,3818.,,,2610.,2920.,2061.,2568.,2061.,2568.
89.,2023.,647.,3813.,,,2620.,3018.,2062.,2577.,2062.,2577.
90.,2025.,657.,3809.,,,2630.,3084.,2063.,2587.,2063.,2587.
91.,2023.,667.,3796.,,,2640.,3187.,2064.,2576.,2064.,2576.
92.,2015.,677.,3789.,,,2650.,3252.,2065.,2584.,2065.,2584.
93.,2011.,687.,3785.,,,2660.,3319.,2066.,2589.,2066.,2589.
94.,2023.,697.,3782.,,,2670.,3359.,2067.,2590.,2067.,2590.
95.,2026.,707.,3784.,,,2680.,3399.,2068.,2597.,2068.,2597.
96.,2016.,717.,3779.,,,2690.,3387.,2069.,2602.,2069.,2602.
97.,2013.,727.,3778.,,,2700.,3334.,2070.,2610.,2070.,2610.
98.,2012.,737.,3783.,,,2700.,3306.,2071.,2617.,2071.,2617.
99.,2017.,747.,3783.,,,,,2072.,2639.,2072.,2639.
100.,2010.,757.,3795.,,,,,2073.,2646.,2073.,2646.
101.,2010.,767.,3799.,,,,,2074.,2652.,2074.,2652.
102.,2006.,777.,3798.,,,,,2075.,2653.,2075.,2653.
103.,2005.,787.,3802.,,,,,2076.,2662.,2076.,2662.
104.,2002.,797.,3805.,,,,,2077.,2665.,2077.,2665.
105.,2004.,807.,3812.,,,,,2078.,2671.,2078.,2671.
106.,1997.,817.,3820.,,,,,2079.,2679.,2079.,2679.
107.,1997.,827.,3824.,,,,,2080.,2680.,2080.,2680.
108.,1990.,837.,3829.,,,,,2081.,2682.,2081.,2682.
109.,1982.,847.,3835.,,,,,2082.,2687.,2082.,2687.
110.,1983.,857.,3837.,,,,,2083.,2706.,2083.,2706.
111.,1975.,867.,3846.,,,,,2084.,2719.,2084.,2719.
112.,1974.,877.,3854.,,,,,2085.,2732.,2085.,2732.
113.,1969.,887.,3863.,,,,,2086.,2742.,2086.,2742.
114.,1961.,897.,3869.,,,,,2087.,2752.,2087.,2752.
115.,1939.,907.,3869.,,,,,2088.,2770.,2088.,2770.
116.,1929.,917.,3866.,,,,,2089.,2781.,2089.,2781.
117.,1930.,927.,3858.,,,,,2090.,2793.,2090.,2793.
118.,1924.,937.,3845.,,,,,2091.,2801.,2091.,2801.
119.,1921.,947.,3837.,,,,,2092.,2804.,2092.,2804.
120.,1914.,957.,3830.,,,,,2093.,2827.,2093.,2827.
121.,1911.,967.,3823.,,,,,2094.,2845.,2094.,2845.
122.,1909.,977.,3809.,,,,,2095.,2858.,2095.,2858.
123.,1902.,987.,3794.,,,,,2096.,2867.,2096.,2867.
124.,1900.,997.,3769.,,,,,2097.,2880.,2097.,2880.
125.,1898.,1007.,3750.,,,,,2098.,2905.,2098.,2905.
126.,1904.,1017.,3724.,,,,,2099.,2922.,2099.,2922.
127.,1900.,1027.,3706.,,,,,2100.,3025.,2100.,3025.
128.,1900.,1037.,3692.,,,,,2101.,2956.,2101.,2956.
129.,1901.,1047.,3678.,,,,,2102.,2973.,2102.,2973.
130.,1897.,1057.,3653.,,,,,2103.,2991.,2103.,2991.
131.,1894.,1067.,3630.,,,,,2104.,3012.,2104.,3012.
132.,1891.,1077.,3616.,,,,,2105.,3036.,2105.,3036.
133.,1892.,1087.,3594.,,,,,2106.,3051.,2106.,3051.
134.,1887.,1097.,3583.,,,,,2107.,3057.,2107.,3057.
135.,1885.,1107.,3577.,,,,,2108.,3067.,2108.,3067.
136.,1879.,1117.,3572.,,,,,2109.,3074.,2109.,3074.
137.,1880.,1127.,3568.,,,,,2110.,3094.,2110.,3094.
138.,1876.,1137.,3565.,,,,,2111.,3105.,2111.,3105.
139.,1874.,1147.,3562.,,,,,2112.,3121.,2112.,3121.
140.,1872.,1157.,3559.,,,,,2113.,3145.,2113.,3145.
141.,1874.,1167.,3556.,,,,,2114.,3169.,2114.,3169.
142.,1871.,1177.,3551.,,,,,2115.,3185.,2115.,3185.
143.,1871.,1187.,3545.,,,,,2116.,3197.,2116.,3197.
144.,1871.,1197.,3545.,,,,,2117.,3211.,2117.,3211.
145.,1870.,1207.,3542.,,,,,2118.,3235.,2118.,3235.
146.,1870.,1217.,3539.,,,,,2119.,3254.,2119.,3254.
147.,1872.,1227.,3526.,,,,,2120.,3278.,2120.,3278.
148.,1868.,1237.,3532.,,,,,2121.,3294.,2121.,3294.
149.,1867.,1247.,3521.,,,,,2122.,3306.,2122.,3306.
150.,1867.,1257.,3515.,,,,,2123.,3317.,2123.,3317.
151.,1863.,1267.,3509.,,,,,2124.,3330.,2124.,3330.
152.,1863.,1277.,3506.,,,,,2125.,3350.,2125.,3350.
153.,1856.,1287.,3504.,,,,,2126.,3366.,2126.,3366.
154.,1860.,1297.,3503.,,,,,2127.,3383.,2127.,3383.
155.,1855.,1307.,3503.,,,,,2128.,3404.,2128.,3404.
156.,1857.,1317.,3502.,,,,,2129.,3423.,2129.,3423.
157.,1853.,1327.,3514.,,,,,2130.,3439.,2130.,3439.
158.,1855.,1337.,3508.,,,,,2131.,3452.,2131.,3452.
159.,1854.,1347.,3502.,,,,,2132.,3467.,2132.,3467.
160.,1849.,1357.,3498.,,,,,2133.,3488.,2133.,3488.
161.,1849.,1367.,3487.,,,,,2134.,3499.,2134.,3499.
162.,1850.,1377.,3479.,,,,,2135.,3512.,2135.,3512.
163.,1844.,1387.,3474.,,,,,2136.,3535.,2136.,3535.
164.,1844.,1397.,3470.,,,,,2137.,3551.,2137.,3551.
165.,1843.,1407.,3467.,,,,,2138.,3568.,2138.,3568.
166.,1832.,1417.,3468.,,,,,2139.,3565.,2139.,3565.
167.,1836.,1427.,3466.,,,,,2140.,3572.,2140.,3572.
168.,1835.,1437.,3465.,,,,,2141.,3577.,2141.,3577.
169.,1829.,1447.,3462.,,,,,2142.,3581.,2142.,3581.
170.,1827.,1457.,3468.,,,,,2143.,3587.,2143.,3587.
171.,1827.,1467.,3470.,,,,,2144.,3599.,2144.,3599.
172.,1823.,1477.,3466.,,,,,2145.,3615.,2145.,3615.
173.,1824.,1487.,3473.,,,,,2146.,3628.,2146.,3628.
174.,1819.,1497.,3478.,,,,,2147.,3635.,2147.,3635.
175.,1819.,1507.,3488.,,,,,2148.,3648.,2148.,3648.
176.,1817.,1517.,3496.,,,,,2149.,3665.,2149.,3665.
177.,1819.,1527.,3501.,,,,,2150.,3677.,2150.,3677.
178.,1819.,1537.,3508.,,,,,2151.,3685.,2151.,3685.
179.,1818.,1547.,3515.,,,,,2152.,3694.,2152.,3694.
180.,1821.,1557.,3525.,,,,,2153.,3699.,2153.,3699.
181.,1822.,1567.,3536.,,,,,2154.,3709.,2154.,3709.
182.,1822.,1577.,3547.,,,,,2155.,3729.,2155.,3729.
183.,1820.,1587.,3557.,,,,,2156.,3735.,2156.,3735.
184.,1821.,1597.,3562.,,,,,2157.,3743.,2157.,3743.
185.,1818.,1607.,3567.,,,,,2158.,3751.,2158.,3751.
186.,1824.,1617.,3573.,,,,,2159.,3756.,2159.,3756.
187.,1828.,1627.,3576.,,,,,2160.,3759.,2160.,3759.
188.,1866.,1637.,3579.,,,,,2161.,3763.,2161.,3763.
189.,1862.,1647.,3591.,,,,,2162.,3766.,2162.,3766.
190.,1877.,1657.,3617.,,,,,2163.,3773.,2163.,3773.
191.,1876.,1667.,3632.,,,,,2164.,3771.,2164.,3771.
192.,1878.,1677.,3652.,,,,,2165.,3772.,2165.,3772.
193.,1880.,1687.,3675.,,,,,2166.,3773.,2166.,3773.
194.,1882.,1697.,3690.,,,,,2167.,3773.,2167.,3773.
195.,1876.,1707.,3698.,,,,,2168.,3758.,2168.,3758.
196.,1878.,1717.,3705.,,,,,2169.,3771.,2169.,3771.
197.,1878.,1727.,3731.,,,,,2170.,3766.,2170.,3766.
198.,1875.,1737.,3746.,,,,,2171.,3766.,2171.,3766.
199.,1872.,1747.,3761.,,,,,2172.,3761.,2172.,3761.
200.,1860.,1757.,3771.,,,,,2173.,3754.,2173.,3754.
201.,1864.,1767.,3778.,,,,,2174.,3748.,2174.,3748.
202.,1850.,1777.,3790.,,,,,2175.,3744.,2175.,3744.
203.,1842.,1787.,3795.,,,,,2176.,3744.,2176.,3744.
204.,1838.,1797.,3801.,,,,,2177.,3734.,2177.,3734.
205.,1834.,1807.,3799.,,,,,2178.,3727.,2178.,3727.
206.,1826.,1817.,3800.,,,,,2179.,3710.,2179.,3710.
207.,1819.,1827.,3795.,,,,,2180.,3708.,2180.,3708.
208.,1811.,1837.,3793.,,,,,2181.,3708.,2181.,3708.
209.,1804.,1847.,3780.,,,,,2182.,3699.,2182.,3699.
210.,1804.,1857.,3772.,,,,,2183.,3685.,2183.,3685.
211.,1804.,1867.,3771.,,,,,2184.,3674.,2184.,3674.
212.,1801.,1877.,3760.,,,,,2185.,3664.,2185.,3664.
213.,1793.,1887.,3747.,,,,,2186.,3645.,2186.,3645.
214.,1800.,1897.,3731.,,,,,2187.,3639.,2187.,3639.
215.,1792.,1907.,3721.,,,,,2188.,3627.,2188.,3627.
216.,1788.,1917.,3708.,,,,,2189.,3617.,2189.,3617.
217.,1783.,1927.,3707.,,,,,2190.,3609.,2190.,3609.
218.,1784.,1937.,3697.,,,,,2191.,3594.,2191.,3594.
219.,1783.,1947.,3683.,,,,,2192.,3587.,2192.,3587.
220.,1779.,1957.,3675.,,,,,2193.,3582.,2193.,3582.
221.,1775.,1967.,3674.,,,,,2194.,3575.,2194.,3575.
222.,1774.,1977.,3670.,,,,,2195.,3570.,2195.,3570.
223.,1771.,1987.,3666.,,,,,2196.,3565.,2196.,3565.
224.,1771.,1997.,3646.,,,,,2197.,3559.,2197.,3559.
225.,1772.,2007.,3636.,,,,,2198.,3549.,2198.,3549.
226.,1768.,2017.,3626.,,,,,2199.,3546.,2199.,3546.
227.,1767.,2027.,3619.,,,,,2200.,3536.,2200.,3536.
228.,1768.,2037.,3617.,,,,,2201.,3510.,2201.,3510.
229.,1755.,2047.,3595.,,,,,2202.,3492.,2202.,3492.
230.,1760.,2057.,3589.,,,,,2203.,3479.,2203.,3479.
231.,1755.,2067.,3580.,,,,,2204.,3453.,2204.,3453.
232.,1751.,2077.,3576.,,,,,2205.,3445.,2205.,3445.
233.,1757.,2087.,3572.,,,,,2206.,3439.,2206.,3439.
234.,1757.,2097.,3567.,,,,,2207.,3424.,2207.,3424.
235.,1758.,2107.,3558.,,,,,2208.,3406.,2208.,3406.
236.,1754.,2117.,3523.,,,,,2209.,3377.,2209.,3377.
237.,1754.,2127.,3498.,,,,,2210.,3313.,2210.,3313.
238.,1753.,2137.,3484.,,,,,2211.,3351.,2211.,3351.
239.,1747.,2147.,3455.,,,,,2212.,3329.,2212.,3329.
240.,1745.,2157.,3447.,,,,,2213.,3321.,2213.,3321.
241.,1739.,2167.,3443.,,,,,2214.,3316.,2214.,3316.
242.,1732.,2177.,3439.,,,,,2215.,3307.,2215.,3307.
243.,1725.,2187.,3431.,,,,,2216.,3298.,2216.,3298.
244.,1726.,2197.,3422.,,,,,2217.,3284.,2217.,3284.
245.,1719.,2207.,3418.,,,,,2218.,3275.,2218.,3275.
246.,1707.,2217.,3412.,,,,,2219.,3257.,2219.,3257.
247.,1704.,2227.,3405.,,,,,2220.,3250.,2220.,3250.
248.,1700.,2237.,3407.,,,,,2221.,3240.,2221.,3240.
249.,1693.,2247.,3407.,,,,,2222.,3233.,2222.,3233.
250.,1686.,2257.,3407.,,,,,2223.,3221.,2223.,3221.
251.,1679.,2267.,3398.,,,,,2224.,3206.,2224.,3206.
252.,1673.,2277.,3394.,,,,,2225.,3196.,2225.,3196.
253.,1665.,2287.,3394.,,,,,2226.,3191.,2226.,3191.
254.,1658.,2297.,3392.,,,,,2227.,3184.,2227.,3184.
255.,1654.,2307.,3388.,,,,,2228.,3179.,2228.,3179.
256.,1647.,2317.,3386.,,,,,2229.,3163.,2229.,3163.
257.,1642.,2327.,3383.,,,,,2230.,3155.,2230.,3155.
258.,1632.,2337.,3381.,,,,,2231.,3137.,2231.,3137.
259.,1625.,2347.,3383.,,,,,2232.,3130.,2232.,3130.
260.,1614.,2357.,3386.,,,,,2233.,3124.,2233.,3124.
261.,1603.,2367.,3392.,,,,,2234.,3111.,2234.,3111.
262.,1594.,2377.,3401.,,,,,2235.,3098.,2235.,3098.
263.,1579.,2387.,3424.,,,,,2236.,3096.,2236.,3096.
264.,1574.,2397.,3435.,,,,,2237.,3080.,2237.,3080.
265.,1565.,2407.,3441.,,,,,2238.,3076.,2238.,3076.
266.,1555.,2417.,3450.,,,,,2239.,3073.,2239.,3073.
267.,1546.,2427.,3469.,,,,,2240.,3070.,2240.,3070.
268.,1538.,2437.,3485.,,,,,2241.,3067.,2241.,3067.
269.,1536.,2447.,3515.,,,,,2242.,3064.,2242.,3064.
270.,1530.,2457.,3540.,,,,,2243.,3059.,2243.,3059.
271.,1525.,2467.,3537.,,,,,2244.,3054.,2244.,3054.
272.,1521.,2477.,3565.,,,,,2245.,3050.,2245.,3050.
273.,1518.,2487.,3573.,,,,,2246.,3049.,2246.,3049.
274.,1515.,2497.,3581.,,,,,2247.,3040.,2247.,3040.
275.,1510.,2507.,3591.,,,,,2248.,3035.,2248.,3035.
276.,1510.,2517.,3591.,,,,,2249.,3031.,2249.,3031.
277.,1509.,2527.,3607.,,,,,2250.,3024.,2250.,3024.
278.,1503.,2537.,3627.,,,,,2251.,3021.,2251.,3021.
279.,1502.,2547.,3652.,,,,,2252.,3021.,2252.,3021.
280.,1499.,2557.,3688.,,,,,2253.,3034.,2253.,3034.
281.,1498.,2567.,3703.,,,,,2254.,3002.,2254.,3002.
282.,1496.,2577.,3715.,,,,,2255.,2993.,2255.,2993.
283.,1501.,2587.,3734.,,,,,2256.,3011.,2256.,3011.
284.,1498.,2597.,3748.,,,,,2257.,2989.,2257.,2989.
285.,1494.,2607.,3762.,,,,,2258.,2983.,2258.,2983.
286.,1493.,2617.,3775.,,,,,2259.,2981.,2259.,2981.
287.,1490.,2627.,3812.,,,,,2260.,2980.,2260.,2980.
288.,1491.,2637.,3826.,,,,,2261.,2977.,2261.,2977.
289.,1484.,2647.,3833.,,,,,2262.,2977.,2262.,2977.
290.,1478.,2657.,3838.,,,,,2263.,2969.,2263.,2969.
291.,1470.,2667.,3846.,,,,,2264.,2971.,2264.,2971.
292.,1465.,2677.,3853.,,,,,2265.,2969.,2265.,2969.
293.,1458.,2687.,3871.,,,,,2266.,2953.,2266.,2953.
294.,1449.,2697.,3881.,,,,,2267.,2974.,2267.,2974.
295.,1453.,2700.,3888.,,,,,2268.,2970.,2268.,2970.
296.,1446.,,,,,,,2269.,2973.,2269.,2973.
297.,1438.,,,,,,,2270.,2966.,2270.,2966.
298.,1433.,,,,,,,2271.,2957.,2271.,2957.
299.,1428.,,,,,,,2272.,2939.,2272.,2939.
300.,1425.,,,,,,,2273.,2949.,2273.,2949.
301.,1417.,,,,,,,2274.,2951.,2274.,2951.
302.,1406.,,,,,,,2275.,2946.,2275.,2946.
303.,1405.,,,,,,,2276.,2930.,2276.,2930.
304.,1402.,,,,,,,2277.,2934.,2277.,2934.
305.,1395.,,,,,,,2278.,2931.,2278.,2931.
306.,1391.,,,,,,,2279.,2934.,2279.,2934.
307.,1389.,,,,,,,2280.,2933.,2280.,2933.
308.,1384.,,,,,,,2281.,2936.,2281.,2936.
309.,1382.,,,,,,,2282.,2932.,2282.,2932.
310.,1380.,,,,,,,2283.,2925.,2283.,2925.
311.,1377.,,,,,,,2284.,2918.,2284.,2918.
312.,1377.,,,,,,,2285.,2926.,2285.,2926.
313.,1374.,,,,,,,2286.,2928.,2286.,2928.
314.,1371.,,,,,,,2287.,2922.,2287.,2922.
315.,1371.,,,,,,,2288.,2930.,2288.,2930.
316.,1370.,,,,,,,2289.,2935.,2289.,2935.
317.,1369.,,,,,,,2290.,2928.,2290.,2928.
318.,1365.,,,,,,,2291.,2929.,2291.,2929.
319.,1373.,,,,,,,2292.,2933.,2292.,2933.
320.,1363.,,,,,,,2293.,2937.,2293.,2937.
321.,1363.,,,,,,,2294.,2939.,2294.,2939.
322.,1361.,,,,,,,2295.,2940.,2295.,2940.
323.,1363.,,,,,,,2296.,2946.,2296.,2946.
324.,1363.,,,,,,,2297.,2943.,2297.,2943.
325.,1359.,,,,,,,2298.,2939.,2298.,2939.
326.,1361.,,,,,,,2299.,2935.,2299.,2935.
327.,1360.,,,,,,,2300.,2940.,2300.,2940.
328.,1362.,,,,,,,2301.,2947.,2301.,2947.
329.,1362.,,,,,,,2302.,2939.,2302.,2939.
330.,1362.,,,,,,,2303.,2940.,2303.,2940.
331.,1355.,,,,,,,2304.,2942.,2304.,2942.
332.,1355.,,,,,,,2305.,2943.,2305.,2943.
333.,1357.,,,,,,,2306.,2947.,2306.,2947.
334.,1352.,,,,,,,2307.,2954.,2307.,2954.
335.,1349.,,,,,,,2308.,2966.,2308.,2966.
336.,1338.,,,,,,,2309.,2971.,2309.,2971.
337.,1340.,,,,,,,2310.,2971.,2310.,2971.
338.,1333.,,,,,,,2311.,2970.,2311.,2970.
339.,1329.,,,,,,,2312.,2976.,2312.,2976.
340.,1325.,,,,,,,2313.,2988.,2313.,2988.
341.,1321.,,,,,,,2314.,3001.,2314.,3001.
342.,1314.,,,,,,,2315.,3063.,2315.,3063.
343.,1311.,,,,,,,2316.,3036.,2316.,3036.
344.,1304.,,,,,,,2317.,3047.,2317.,3047.
345.,1298.,,,,,,,2318.,3049.,2318.,3049.
346.,1294.,,,,,,,2319.,3053.,2319.,3053.
347.,1285.,,,,,,,2320.,3057.,2320.,3057.
348.,1283.,,,,,,,2321.,3059.,2321.,3059.
349.,1276.,,,,,,,2322.,3063.,2322.,3063.
350.,1270.,,,,,,,2323.,3067.,2323.,3067.
351.,1268.,,,,,,,2324.,3067.,2324.,3067.
352.,1260.,,,,,,,2325.,3068.,2325.,3068.
353.,1255.,,,,,,,2326.,3071.,2326.,3071.
354.,1246.,,,,,,,2327.,3079.,2327.,3079.
355.,1239.,,,,,,,2328.,3092.,2328.,3092.
356.,1228.,,,,,,,2329.,3096.,2329.,3096.
357.,1215.,,,,,,,2330.,3107.,2330.,3107.
358.,1206.,,,,,,,2331.,3114.,2331.,3114.
359.,1195.,,,,,,,2332.,3122.,2332.,3122.
360.,1189.,,,,,,,2333.,3137.,2333.,3137.
361.,1183.,,,,,,,2334.,3156.,2334.,3156.
362.,1175.,,,,,,,2335.,3167.,2335.,3167.
363.,1175.,,,,,,,2336.,3174.,2336.,3174.
364.,1160.,,,,,,,2337.,3180.,2337.,3180.
365.,1162.,,,,,,,2338.,3185.,2338.,3185.
366.,1156.,,,,,,,2339.,3188.,2339.,3188.
367.,1151.,,,,,,,2340.,3193.,2340.,3193.
368.,1150.,,,,,,,2341.,3205.,2341.,3205.
369.,1151.,,,,,,,2342.,3227.,2342.,3227.
370.,1156.,,,,,,,2343.,3238.,2343.,3238.
371.,1160.,,,,,,,2344.,3241.,2344.,3241.
372.,1165.,,,,,,,2345.,3225.,2345.,3225.
373.,1170.,,,,,,,2346.,3271.,2346.,3271.
374.,1176.,,,,,,,2347.,3297.,2347.,3297.
375.,1179.,,,,,,,2348.,3307.,2348.,3307.
376.,1222.,,,,,,,2349.,3318.,2349.,3318.
377.,1227.,,,,,,,2350.,3324.,2350.,3324.
378.,1227.,,,,,,,2351.,3331.,2351.,3331.
379.,1234.,,,,,,,2352.,3334.,2352.,3334.
380.,1238.,,,,,,,2353.,3361.,2353.,3361.
381.,1246.,,,,,,,2354.,3370.,2354.,3370.
382.,1247.,,,,,,,2355.,3369.,2355.,3369.
383.,1251.,,,,,,,2356.,3392.,2356.,3392.
384.,1253.,,,,,,,2357.,3412.,2357.,3412.
385.,1253.,,,,,,,2358.,3424.,2358.,3424.
386.,1255.,,,,,,,2359.,3430.,2359.,3430.
387.,1258.,,,,,,,2360.,3443.,2360.,3443.
388.,1265.,,,,,,,2361.,3456.,2361.,3456.
389.,1267.,,,,,,,2362.,3461.,2362.,3461.
390.,1268.,,,,,,,2363.,3493.,2363.,3493.
391.,1269.,,,,,,,2364.,3498.,2364.,3498.
392.,1273.,,,,,,,2365.,3522.,2365.,3522.
393.,1275.,,,,,,,2366.,3529.,2366.,3529.
394.,1283.,,,,,,,2367.,3555.,2367.,3555.
395.,1282.,,,,,,,2368.,3565.,2368.,3565.
396.,1285.,,,,,,,2369.,3570.,2369.,3570.
397.,1289.,,,,,,,2370.,3579.,2370.,3579.
398.,1291.,,,,,,,2371.,3622.,2371.,3622.
399.,1295.,,,,,,,2372.,3609.,2372.,3609.
400.,1296.,,,,,,,2373.,3627.,2373.,3627.
401.,1300.,,,,,,,2374.,3645.,2374.,3645.
402.,1310.,,,,,,,2375.,3658.,2375.,3658.
403.,1310.,,,,,,,2376.,3669.,2376.,3669.
404.,1312.,,,,,,,2377.,3684.,2377.,3684.
405.,1312.,,,,,,,2378.,3690.,2378.,3690.
406.,1310.,,,,,,,2379.,3701.,2379.,3701.
407.,1317.,,,,,,,2380.,3713.,2380.,3713.
408.,1317.,,,,,,,2381.,3734.,2381.,3734.
409.,1319.,,,,,,,2382.,3740.,2382.,3740.
410.,1329.,,,,,,,2383.,3757.,2383.,3757.
411.,1333.,,,,,,,2384.,3766.,2384.,3766.
412.,1334.,,,,,,,2385.,3789.,2385.,3789.
413.,1335.,,,,,,,2386.,3806.,2386.,3806.
414.,1341.,,,,,,,2387.,3814.,2387.,3814.
415.,1343.,,,,,,,2388.,3820.,2388.,3820.
416.,1346.,,,,,,,2389.,3823.,2389.,3823.
417.,1347.,,,,,,,2390.,3829.,2390.,3829.
418.,1355.,,,,,,,2391.,3833.,2391.,3833.
419.,1361.,,,,,,,2392.,3836.,2392.,3836.
420.,1373.,,,,,,,2393.,3841.,2393.,3841.
421.,1376.,,,,,,,2394.,3851.,2394.,3851.
422.,1381.,,,,,,,2395.,3859.,2395.,3859.
423.,1389.,,,,,,,2396.,3869.,2396.,3869.
424.,1391.,,,,,,,2397.,3874.,2397.,3874.
425.,1394.,,,,,,,2398.,3876.,2398.,3876.
426.,1400.,,,,,,,2399.,3881.,2399.,3881.
427.,1408.,,,,,,,2400.,3882.,2400.,3882.
428.,1413.,,,,,,,2401.,3883.,2401.,3883.
429.,1422.,,,,,,,2402.,3886.,2402.,3886.
430.,1428.,,,,,,,2403.,3879.,2403.,3879.
431.,1430.,,,,,,,2404.,3886.,2404.,3886.
432.,1437.,,,,,,,2405.,3885.,2405.,3885.
433.,1444.,,,,,,,2406.,3883.,2406.,3883.
434.,1446.,,,,,,,2407.,3879.,2407.,3879.
435.,1450.,,,,,,,2408.,3877.,2408.,3877.
436.,1456.,,,,,,,2409.,3875.,2409.,3875.
437.,1460.,,,,,,,2410.,3875.,2410.,3875.
438.,1481.,,,,,,,2411.,3865.,2411.,3865.
439.,1485.,,,,,,,2412.,3863.,2412.,3863.
440.,1493.,,,,,,,2413.,3855.,2413.,3855.
441.,1499.,,,,,,,2414.,3846.,2414.,3846.
442.,1503.,,,,,,,2415.,3840.,2415.,3840.
443.,1510.,,,,,,,2416.,3839.,2416.,3839.
444.,1512.,,,,,,,2417.,3835.,2417.,3835.
445.,1517.,,,,,,,2418.,3830.,2418.,3830.
446.,1520.,,,,,,,2419.,3825.,2419.,3825.
447.,1522.,,,,,,,2420.,3818.,2420.,3818.
448.,1530.,,,,,,,2421.,3809.,2421.,3809.
449.,1533.,,,,,,,2422.,3798.,2422.,3798.
450.,1538.,,,,,,,2423.,3783.,2423.,3783.
451.,1541.,,,,,,,2424.,3772.,2424.,3772.
452.,1547.,,,,,,,2425.,3758.,2425.,3758.
453.,1557.,,,,,,,2426.,3748.,2426.,3748.
454.,1564.,,,,,,,2427.,3738.,2427.,3738.
455.,1568.,,,,,,,2428.,3717.,2428.,3717.
456.,1577.,,,,,,,2429.,3703.,2429.,3703.
457.,1586.,,,,,,,2430.,3699.,2430.,3699.
458.,1577.,,,,,,,2431.,3686.,2431.,3686.
459.,1577.,,,,,,,2432.,3670.,2432.,3670.
460.,1582.,,,,,,,2433.,3646.,2433.,3646.
461.,1593.,,,,,,,2434.,3633.,2434.,3633.
462.,1596.,,,,,,,2435.,3618.,2435.,3618.
463.,1606.,,,,,,,2436.,3600.,2436.,3600.
464.,1612.,,,,,,,2437.,3523.,2437.,3523.
465.,1614.,,,,,,,2438.,3582.,2438.,3582.
466.,1620.,,,,,,,2439.,3575.,2439.,3575.
467.,1627.,,,,,,,2440.,3571.,2440.,3571.
468.,1627.,,,,,,,2441.,3563.,2441.,3563.
469.,1634.,,,,,,,2442.,3555.,2442.,3555.
470.,1637.,,,,,,,2443.,3543.,2443.,3543.
471.,1635.,,,,,,,2444.,3523.,2444.,3523.
472.,1640.,,,,,,,2445.,3505.,2445.,3505.
473.,1642.,,,,,,,2446.,3495.,2446.,3495.
474.,1646.,,,,,,,2447.,3474.,2447.,3474.
475.,1648.,,,,,,,2448.,3460.,2448.,3460.
476.,1652.,,,,,,,2449.,3446.,2449.,3446.
477.,1654.,,,,,,,2450.,3430.,2450.,3430.
478.,1653.,,,,,,,2451.,3416.,2451.,3416.
479.,1658.,,,,,,,2452.,3400.,2452.,3400.
480.,1659.,,,,,,,2453.,3378.,2453.,3378.
481.,1666.,,,,,,,2454.,3368.,2454.,3368.
482.,1666.,,,,,,,2455.,3351.,2455.,3351.
483.,1670.,,,,,,,2456.,3332.,2456.,3332.
484.,1670.,,,,,,,2457.,3319.,2457.,3319.
485.,1671.,,,,,,,2458.,3317.,2458.,3317.
486.,1675.,,,,,,,2459.,3310.,2459.,3310.
487.,1677.,,,,,,,2460.,3305.,2460.,3305.
488.,1685.,,,,,,,2461.,3294.,2461.,3294.
489.,1689.,,,,,,,2462.,3278.,2462.,3278.
490.,1691.,,,,,,,2463.,3262.,2463.,3262.
491.,1698.,,,,,,,2464.,3242.,2464.,3242.
492.,1694.,,,,,,,2465.,3231.,2465.,3231.
493.,1696.,,,,,,,2466.,3191.,2466.,3191.
494.,1697.,,,,,,,2467.,3204.,2467.,3204.
495.,1700.,,,,,,,2468.,3197.,2468.,3197.
496.,1706.,,,,,,,2469.,3185.,2469.,3185.
497.,1709.,,,,,,,2470.,3177.,2470.,3177.
498.,1710.,,,,,,,2471.,3166.,2471.,3166.
499.,1714.,,,,,,,2472.,3153.,2472.,3153.
500.,1720.,,,,,,,2473.,3135.,2473.,3135.
501.,1725.,,,,,,,2474.,3112.,2474.,3112.
502.,1728.,,,,,,,2475.,3105.,2475.,3105.
503.,1740.,,,,,,,2476.,3101.,2476.,3101.
504.,1743.,,,,,,,2477.,3082.,2477.,3082.
505.,1750.,,,,,,,2478.,3072.,2478.,3072.
506.,1760.,,,,,,,2479.,3065.,2479.,3065.
507.,1760.,,,,,,,2480.,3063.,2480.,3063.
508.,1762.,,,,,,,2481.,3058.,2481.,3058.
509.,1769.,,,,,,,2482.,3055.,2482.,3055.
510.,1771.,,,,,,,2483.,3051.,2483.,3051.
511.,1776.,,,,,,,2484.,3048.,2484.,3048.
512.,1782.,,,,,,,2485.,3041.,2485.,3041.
513.,1782.,,,,,,,2486.,3030.,2486.,3030.
514.,1785.,,,,,,,2487.,3024.,2487.,3024.
515.,1789.,,,,,,,2488.,3010.,2488.,3010.
516.,1792.,,,,,,,2489.,3000.,2489.,3000.
517.,1795.,,,,,,,2490.,2989.,2490.,2989.
518.,1799.,,,,,,,2491.,2985.,2491.,2985.
519.,1802.,,,,,,,2492.,2976.,2492.,2976.
520.,1814.,,,,,,,2493.,2959.,2493.,2959.
521.,1823.,,,,,,,2494.,2941.,2494.,2941.
522.,1826.,,,,,,,2495.,2933.,2495.,2933.
523.,1831.,,,,,,,2496.,2930.,2496.,2930.
524.,1837.,,,,,,,2497.,2923.,2497.,2923.
525.,1840.,,,,,,,2498.,2918.,2498.,2918.
526.,1849.,,,,,,,2499.,2910.,2499.,2910.
527.,1854.,,,,,,,2500.,2905.,2500.,2905.
528.,1857.,,,,,,,2501.,2899.,2501.,2899.
529.,1865.,,,,,,,2502.,2898.,2502.,2898.
530.,1873.,,,,,,,2503.,2888.,2503.,2888.
531.,1876.,,,,,,,2504.,2874.,2504.,2874.
532.,1881.,,,,,,,2505.,2868.,2505.,2868.
533.,1881.,,,,,,,2506.,2868.,2506.,2868.
534.,1885.,,,,,,,2507.,2860.,2507.,2860.
535.,1887.,,,,,,,2508.,2850.,2508.,2850.
536.,1888.,,,,,,,2509.,2843.,2509.,2843.
537.,1892.,,,,,,,2510.,2832.,2510.,2832.
538.,1893.,,,,,,,2511.,2825.,2511.,2825.
539.,1896.,,,,,,,2512.,2824.,2512.,2824.
540.,1898.,,,,,,,2513.,2819.,2513.,2819.
541.,1903.,,,,,,,2514.,2816.,2514.,2816.
542.,1902.,,,,,,,2515.,2813.,2515.,2813.
543.,1903.,,,,,,,2516.,2810.,2516.,2810.
544.,1904.,,,,,,,2517.,2808.,2517.,2808.
545.,1907.,,,,,,,2518.,2800.,2518.,2800.
546.,1908.,,,,,,,2519.,2804.,2519.,2804.
547.,1913.,,,,,,,2520.,2802.,2520.,2802.
548.,1913.,,,,,,,2521.,2798.,2521.,2798.
549.,1915.,,,,,,,2522.,2789.,2522.,2789.
550.,1919.,,,,,,,2523.,2790.,2523.,2790.
551.,1919.,,,,,,,2524.,2785.,2524.,2785.
552.,1921.,,,,,,,2525.,2778.,2525.,2778.
553.,1922.,,,,,,,2526.,2780.,2526.,2780.
554.,1923.,,,,,,,2527.,2763.,2527.,2763.
555.,1933.,,,,,,,2528.,2772.,2528.,2772.
556.,1930.,,,,,,,2529.,2770.,2529.,2770.
557.,1934.,,,,,,,2530.,2768.,2530.,2768.
558.,1936.,,,,,,,2531.,2764.,2531.,2764.
559.,1937.,,,,,,,2532.,2758.,2532.,2758.
560.,1944.,,,,,,,2533.,2753.,2533.,2753.
561.,1947.,,,,,,,2534.,2753.,2534.,2753.
562.,1950.,,,,,,,2535.,2753.,2535.,2753.
563.,1948.,,,,,,,2536.,2745.,2536.,2745.
564.,1972.,,,,,,,2537.,2744.,2537.,2744.
565.,1976.,,,,,,,2538.,2738.,2538.,2738.
566.,1978.,,,,,,,2539.,2734.,2539.,2734.
567.,1978.,,,,,,,2540.,2733.,2540.,2733.
568.,1981.,,,,,,,2541.,2735.,2541.,2735.
569.,1982.,,,,,,,2542.,2735.,2542.,2735.
570.,1987.,,,,,,,2543.,2737.,2543.,2737.
571.,1989.,,,,,,,2544.,2736.,2544.,2736.
572.,1987.,,,,,,,2545.,2737.,2545.,2737.
573.,1987.,,,,,,,2546.,2734.,2546.,2734.
574.,1987.,,,,,,,2547.,2736.,2547.,2736.
575.,1992.,,,,,,,2548.,2738.,2548.,2738.
576.,1999.,,,,,,,2549.,2733.,2549.,2733.
577.,2005.,,,,,,,2550.,2732.,2550.,2732.
578.,2007.,,,,,,,2551.,2731.,2551.,2731.
579.,2011.,,,,,,,2552.,2736.,2552.,2736.
580.,2015.,,,,,,,2553.,2729.,2553.,2729.
581.,2020.,,,,,,,2554.,2727.,2554.,2727.
582.,2023.,,,,,,,2555.,2724.,2555.,2724.
583.,2025.,,,,,,,2556.,2730.,2556.,2730.
584.,2029.,,,,,,,2557.,2731.,2557.,2731.
585.,2031.,,,,,,,2558.,2736.,2558.,2736.
586.,2031.,,,,,,,2559.,2739.,2559.,2739.
587.,2034.,,,,,,,2560.,2740.,2560.,2740.
588.,2031.,,,,,,,2561.,2741.,2561.,2741.
589.,2035.,,,,,,,2562.,2744.,2562.,2744.
590.,2034.,,,,,,,2563.,2745.,2563.,2745.
591.,2036.,,,,,,,2564.,2750.,2564.,2750.
592.,2034.,,,,,,,2565.,2753.,2565.,2753.
593.,2038.,,,,,,,2566.,2756.,2566.,2756.
594.,2038.,,,,,,,2567.,2747.,2567.,2747.
595.,2037.,,,,,,,2568.,2747.,2568.,2747.
596.,2037.,,,,,,,2569.,2742.,2569.,2742.
597.,2039.,,,,,,,2570.,2747.,2570.,2747.
598.,2043.,,,,,,,2571.,2749.,2571.,2749.
599.,2038.,,,,,,,2572.,2758.,2572.,2758.
600.,2040.,,,,,,,2573.,2758.,2573.,2758.
601.,2039.,,,,,,,2574.,2766.,2574.,2766.
602.,2042.,,,,,,,2575.,2773.,2575.,2773.
603.,2041.,,,,,,,2576.,2776.,2576.,2776.
604.,2042.,,,,,,,2577.,2779.,2577.,2779.
605.,2041.,,,,,,,2578.,2792.,2578.,2792.
606.,2044.,,,,,,,2579.,2783.,2579.,2783.
607.,2041.,,,,,,,2580.,2793.,2580.,2793.
608.,2039.,,,,,,,2581.,2795.,2581.,2795.
609.,2040.,,,,,,,2582.,2796.,2582.,2796.
610.,2044.,,,,,,,2583.,2801.,2583.,2801.
611.,2045.,,,,,,,2584.,2798.,2584.,2798.
612.,2042.,,,,,,,2585.,2797.,2585.,2797.
613.,2042.,,,,,,,2586.,2800.,2586.,2800.
614.,2047.,,,,,,,2587.,2802.,2587.,2802.
615.,2047.,,,,,,,2588.,2805.,2588.,2805.
616.,2046.,,,,,,,2589.,2811.,2589.,2811.
617.,2044.,,,,,,,2590.,2808.,2590.,2808.
618.,2043.,,,,,,,2591.,2813.,2591.,2813.
619.,2046.,,,,,,,2592.,2818.,2592.,2818.
620.,2044.,,,,,,,2593.,2815.,2593.,2815.
621.,2043.,,,,,,,2594.,2832.,2594.,2832.
622.,2042.,,,,,,,2595.,2837.,2595.,2837.
623.,2047.,,,,,,,2596.,2846.,2596.,2846.
624.,2046.,,,,,,,2597.,2851.,2597.,2851.
625.,2042.,,,,,,,2598.,2858.,2598.,2858.
626.,2043.,,,,,,,2599.,2857.,2599.,2857.
627.,2046.,,,,,,,2600.,2858.,2600.,2858.
628.,2048.,,,,,,,2601.,2864.,2601.,2864.
629.,2042.,,,,,,,2602.,2873.,2602.,2873.
630.,2041.,,,,,,,2603.,2878.,2603.,2878.
631.,2042.,,,,,,,2604.,2889.,2604.,2889.
632.,2041.,,,,,,,2605.,2896.,2605.,2896.
633.,2038.,,,,,,,2606.,2903.,2606.,2903.
634.,2034.,,,,,,,2607.,2909.,2607.,2909.
635.,2034.,,,,,,,2608.,2877.,2608.,2877.
636.,2034.,,,,,,,2609.,2917.,2609.,2917.
637.,2031.,,,,,,,2610.,2925.,2610.,2925.
638.,2028.,,,,,,,2611.,2926.,2611.,2926.
639.,2022.,,,,,,,2612.,2933.,2612.,2933.
640.,2022.,,,,,,,2613.,2936.,2613.,2936.
641.,2018.,,,,,,,2614.,2935.,2614.,2935.
642.,2017.,,,,,,,2615.,2937.,2615.,2937.
643.,2012.,,,,,,,2616.,2945.,2616.,2945.
644.,2008.,,,,,,,2617.,2961.,2617.,2961.
645.,2003.,,,,,,,2618.,2976.,2618.,2976.
646.,2000.,,,,,,,2619.,2982.,2619.,2982.
647.,1998.,,,,,,,2620.,2991.,2620.,2991.
648.,1993.,,,,,,,2621.,2998.,2621.,2998.
649.,1988.,,,,,,,2622.,3014.,2622.,3014.
650.,1985.,,,,,,,2623.,3021.,2623.,3021.
651.,1978.,,,,,,,2624.,3034.,2624.,3034.
652.,1975.,,,,,,,2625.,3045.,2625.,3045.
653.,1970.,,,,,,,2626.,3050.,2626.,3050.
654.,1967.,,,,,,,2627.,3054.,2627.,3054.
655.,1957.,,,,,,,2628.,3057.,2628.,3057.
656.,1958.,,,,,,,2629.,3059.,2629.,3059.
657.,1958.,,,,,,,2630.,3063.,2630.,3063.
658.,1958.,,,,,,,2631.,3066.,2631.,3066.
659.,1958.,,,,,,,2632.,3071.,2632.,3071.
660.,1955.,,,,,,,2633.,3075.,2633.,3075.
661.,1954.,,,,,,,2634.,3081.,2634.,3081.
662.,1976.,,,,,,,2635.,3096.,2635.,3096.
663.,1985.,,,,,,,2636.,3101.,2636.,3101.
664.,1989.,,,,,,,2637.,3111.,2637.,3111.
665.,1993.,,,,,,,2638.,3118.,2638.,3118.
666.,2002.,,,,,,,2639.,3131.,2639.,3131.
667.,2004.,,,,,,,2640.,3149.,2640.,3149.
668.,2005.,,,,,,,2641.,3157.,2641.,3157.
669.,2011.,,,,,,,2642.,3160.,2642.,3160.
670.,2011.,,,,,,,2643.,3170.,2643.,3170.
671.,2012.,,,,,,,2644.,3172.,2644.,3172.
672.,2016.,,,,,,,2645.,3178.,2645.,3178.
673.,2019.,,,,,,,2646.,3187.,2646.,3187.
674.,2020.,,,,,,,2647.,3196.,2647.,3196.
675.,2023.,,,,,,,2648.,3209.,2648.,3209.
676.,2027.,,,,,,,2649.,3237.,2649.,3237.
677.,2028.,,,,,,,2650.,3221.,2650.,3221.
678.,2029.,,,,,,,2651.,3231.,2651.,3231.
679.,2029.,,,,,,,2652.,3239.,2652.,3239.
680.,2029.,,,,,,,2653.,3242.,2653.,3242.
681.,2031.,,,,,,,2654.,3257.,2654.,3257.
682.,2032.,,,,,,,2655.,3272.,2655.,3272.
683.,2033.,,,,,,,2656.,3289.,2656.,3289.
684.,2033.,,,,,,,2657.,3298.,2657.,3298.
685.,2034.,,,,,,,2658.,3300.,2658.,3300.
686.,2034.,,,,,,,2659.,3305.,2659.,3305.
687.,2036.,,,,,,,2660.,3311.,2660.,3311.
688.,2036.,,,,,,,2661.,3315.,2661.,3315.
689.,2035.,,,,,,,2662.,3316.,2662.,3316.
690.,2037.,,,,,,,2663.,3318.,2663.,3318.
691.,2036.,,,,,,,2664.,3323.,2664.,3323.
692.,2035.,,,,,,,2665.,3326.,2665.,3326.
693.,2036.,,,,,,,2666.,3323.,2666.,3323.
694.,2035.,,,,,,,2667.,3330.,2667.,3330.
695.,2036.,,,,,,,2668.,3336.,2668.,3336.
696.,2036.,,,,,,,2669.,3356.,2669.,3356.
697.,2036.,,,,,,,2670.,3366.,2670.,3366.
698.,2034.,,,,,,,2671.,3370.,2671.,3370.
699.,2032.,,,,,,,2672.,3369.,2672.,3369.
700.,2032.,,,,,,,2673.,3368.,2673.,3368.
701.,2031.,,,,,,,2674.,3369.,2674.,3369.
702.,2029.,,,,,,,2675.,3371.,2675.,3371.
703.,2027.,,,,,,,2676.,3381.,2676.,3381.
704.,2027.,,,,,,,2677.,3385.,2677.,3385.
705.,2025.,,,,,,,2678.,3383.,2678.,3383.
706.,2024.,,,,,,,2679.,3386.,2679.,3386.
707.,2021.,,,,,,,2680.,3389.,2680.,3389.
708.,2017.,,,,,,,2681.,3392.,2681.,3392.
709.,2014.,,,,,,,2682.,3389.,2682.,3389.
710.,2012.,,,,,,,2683.,3391.,2683.,3391.
711.,2007.,,,,,,,2684.,3391.,2684.,3391.
712.,2004.,,,,,,,2685.,3394.,2685.,3394.
713.,2004.,,,,,,,2686.,3395.,2686.,3395.
714.,2001.,,,,,,,2687.,3389.,2687.,3389.
715.,1997.,,,,,,,2688.,3385.,2688.,3385.
716.,1995.,,,,,,,2689.,3384.,2689.,3384.
717.,1982.,,,,,,,2690.,3382.,2690.,3382.
718.,1981.,,,,,,,2691.,3380.,2691.,3380.
719.,1975.,,,,,,,2692.,3377.,2692.,3377.
720.,1970.,,,,,,,2693.,3375.,2693.,3375.
721.,1965.,,,,,,,2694.,3372.,2694.,3372.
722.,1962.,,,,,,,2695.,3366.,2695.,3366.
723.,1956.,,,,,,,2696.,3366.,2696.,3366.
724.,1953.,,,,,,,2697.,3362.,2697.,3362.
725.,1949.,,,,,,,2698.,3350.,2698.,3350.
726.,1942.,,,,,,,2699.,3339.,2699.,3339.
727.,1938.,,,,,,,2700.,3345.,2700.,3345.
728.,1928.,,,,,,,2700.,3299.,2700.,3299.
729.,1919.,,,,,,,,,,
730.,1915.,,,,,,,,,,
731.,1909.,,,,,,,,,,
732.,1906.,,,,,,,,,,
733.,1904.,,,,,,,,,,
734.,1902.,,,,,,,,,,
735.,1896.,,,,,,,,,,
736.,1894.,,,,,,,,,,
737.,1887.,,,,,,,,,,
738.,1885.,,,,,,,,,,
739.,1878.,,,,,,,,,,
740.,1873.,,,,,,,,,,
741.,1869.,,,,,,,,,,
742.,1852.,,,,,,,,,,
743.,1847.,,,,,,,,,,
744.,1840.,,,,,,,,,,
745.,1838.,,,,,,,,,,
746.,1832.,,,,,,,,,,
747.,1826.,,,,,,,,,,
748.,1819.,,,,,,,,,,
749.,1809.,,,,,,,,,,
750.,1801.,,,,,,,,,,
751.,1795.,,,,,,,,,,
752.,1813.,,,,,,,,,,
753.,1806.,,,,,,,,,,
754.,1796.,,,,,,,,,,
755.,1791.,,,,,,,,,,
756.,1787.,,,,,,,,,,
757.,1785.,,,,,,,,,,
758.,1782.,,,,,,,,,,
759.,1778.,,,,,,,,,,
760.,1779.,,,,,,,,,,
761.,1778.,,,,,,,,,,
762.,1777.,,,,,,,,,,
763.,1773.,,,,,,,,,,
764.,1769.,,,,,,,,,,
765.,1767.,,,,,,,,,,
766.,1763.,,,,,,,,,,
767.,1762.,,,,,,,,,,
768.,1759.,,,,,,,,,,
769.,1754.,,,,,,,,,,
770.,1749.,,,,,,,,,,
771.,1750.,,,,,,,,,,
772.,1742.,,,,,,,,,,
773.,1728.,,,,,,,,,,
774.,1727.,,,,,,,,,,
775.,1727.,,,,,,,,,,
776.,1720.,,,,,,,,,,
777.,1720.,,,,,,,,,,
778.,1709.,,,,,,,,,,
779.,1706.,,,,,,,,,,
780.,1701.,,,,,,,,,,
781.,1700.,,,,,,,,,,
782.,1698.,,,,,,,,,,
783.,1693.,,,,,,,,,,
784.,1689.,,,,,,,,,,
785.,1690.,,,,,,,,,,
786.,1686.,,,,,,,,,,
787.,1689.,,,,,,,,,,
788.,1688.,,,,,,,,,,
789.,1689.,,,,,,,,,,
790.,1686.,,,,,,,,,,
791.,1683.,,,,,,,,,,
792.,1681.,,,,,,,,,,
793.,1680.,,,,,,,,,,
794.,1676.,,,,,,,,,,
795.,1677.,,,,,,,,,,
796.,1674.,,,,,,,,,,
797.,1674.,,,,,,,,,,
798.,1673.,,,,,,,,,,
799.,1677.,,,,,,,,,,
800.,1673.,,,,,,,,,,
801.,1678.,,,,,,,,,,
802.,1675.,,,,,,,,,,
803.,1687.,,,,,,,,,,
804.,1685.,,,,,,,,,,
805.,1689.,,,,,,,,,,
806.,1685.,,,,,,,,,,
807.,1683.,,,,,,,,,,
808.,1681.,,,,,,,,,,
809.,1682.,,,,,,,,,,
810.,1669.,,,,,,,,,,
811.,1676.,,,,,,,,,,
812.,1666.,,,,,,,,,,
813.,1671.,,,,,,,,,,
814.,1674.,,,,,,,,,,
815.,1665.,,,,,,,,,,
816.,1664.,,,,,,,,,,
817.,1661.,,,,,,,,,,
818.,1660.,,,,,,,,,,
819.,1658.,,,,,,,,,,
820.,1671.,,,,,,,,,,
821.,1666.,,,,,,,,,,
822.,1661.,,,,,,,,,,
823.,1660.,,,,,,,,,,
824.,1656.,,,,,,,,,,
825.,1658.,,,,,,,,,,
826.,1655.,,,,,,,,,,
827.,1650.,,,,,,,,,,
828.,1650.,,,,,,,,,,
829.,1648.,,,,,,,,,,
830.,1644.,,,,,,,,,,
831.,1643.,,,,,,,,,,
832.,1640.,,,,,,,,,,
833.,1640.,,,,,,,,,,
834.,1635.,,,,,,,,,,
835.,1631.,,,,,,,,,,
836.,1629.,,,,,,,,,,
837.,1625.,,,,,,,,,,
838.,1621.,,,,,,,,,,
839.,1624.,,,,,,,,,,
840.,1621.,,,,,,,,,,
841.,1615.,,,,,,,,,,
842.,1608.,,,,,,,,,,
843.,1598.,,,,,,,,,,
844.,1585.,,,,,,,,,,
845.,1579.,,,,,,,,,,
846.,1578.,,,,,,,,,,
847.,1573.,,,,,,,,,,
848.,1566.,,,,,,,,,,
849.,1559.,,,,,,,,,,
850.,1551.,,,,,,,,,,
851.,1541.,,,,,,,,,,
852.,1536.,,,,,,,,,,
853.,1531.,,,,,,,,,,
854.,1532.,,,,,,,,,,
855.,1530.,,,,,,,,,,
856.,1526.,,,,,,,,,,
857.,1524.,,,,,,,,,,
858.,1521.,,,,,,,,,,
859.,1519.,,,,,,,,,,
860.,1514.,,,,,,,,,,
861.,1512.,,,,,,,,,,
862.,1506.,,,,,,,,,,
863.,1501.,,,,,,,,,,
864.,1495.,,,,,,,,,,
865.,1483.,,,,,,,,,,
866.,1475.,,,,,,,,,,
867.,1462.,,,,,,,,,,
868.,1457.,,,,,,,,,,
869.,1450.,,,,,,,,,,
870.,1447.,,,,,,,,,,
871.,1439.,,,,,,,,,,
872.,1435.,,,,,,,,,,
873.,1428.,,,,,,,,,,
874.,1415.,,,,,,,,,,
875.,1424.,,,,,,,,,,
876.,1415.,,,,,,,,,,
877.,1406.,,,,,,,,,,
878.,1400.,,,,,,,,,,
879.,1398.,,,,,,,,,,
880.,1392.,,,,,,,,,,
881.,1392.,,,,,,,,,,
882.,1388.,,,,,,,,,,
883.,1388.,,,,,,,,,,
884.,1384.,,,,,,,,,,
885.,1381.,,,,,,,,,,
886.,1379.,,,,,,,,,,
887.,1376.,,,,,,,,,,
888.,1371.,,,,,,,,,,
889.,1366.,,,,,,,,,,
890.,1364.,,,,,,,,,,
891.,1362.,,,,,,,,,,
892.,1356.,,,,,,,,,,
893.,1351.,,,,,,,,,,
894.,1340.,,,,,,,,,,
895.,1346.,,,,,,,,,,
896.,1343.,,,,,,,,,,
897.,1332.,,,,,,,,,,
898.,1332.,,,,,,,,,,
899.,1325.,,,,,,,,,,
900.,1325.,,,,,,,,,,
901.,1320.,,,,,,,,,,
902.,1317.,,,,,,,,,,
903.,1313.,,,,,,,,,,
904.,1315.,,,,,,,,,,
905.,1308.,,,,,,,,,,
906.,1306.,,,,,,,,,,
907.,1304.,,,,,,,,,,
908.,1303.,,,,,,,,,,
909.,1299.,,,,,,,,,,
910.,1294.,,,,,,,,,,
911.,1295.,,,,,,,,,,
912.,1294.,,,,,,,,,,
913.,1285.,,,,,,,,,,
914.,1282.,,,,,,,,,,
915.,1285.,,,,,,,,,,
916.,1278.,,,,,,,,,,
917.,1280.,,,,,,,,,,
918.,1280.,,,,,,,,,,
919.,1275.,,,,,,,,,,
920.,1277.,,,,,,,,,,
921.,1274.,,,,,,,,,,
922.,1274.,,,,,,,,,,
923.,1274.,,,,,,,,,,
924.,1275.,,,,,,,,,,
925.,1274.,,,,,,,,,,
926.,1272.,,,,,,,,,,
927.,1275.,,,,,,,,,,
928.,1274.,,,,,,,,,,
929.,1272.,,,,,,,,,,
930.,1272.,,,,,,,,,,
931.,1276.,,,,,,,,,,
932.,1276.,,,,,,,,,,
933.,1278.,,,,,,,,,,
934.,1280.,,,,,,,,,,
935.,1280.,,,,,,,,,,
936.,1283.,,,,,,,,,,
937.,1291.,,,,,,,,,,
938.,1295.,,,,,,,,,,
939.,1299.,,,,,,,,,,
940.,1302.,,,,,,,,,,
941.,1308.,,,,,,,,,,
942.,1304.,,,,,,,,,,
943.,1308.,,,,,,,,,,
944.,1308.,,,,,,,,,,
945.,1311.,,,,,,,,,,
946.,1312.,,,,,,,,,,
947.,1316.,,,,,,,,,,
948.,1319.,,,,,,,,,,
949.,1319.,,,,,,,,,,
950.,1321.,,,,,,,,,,
951.,1323.,,,,,,,,,,
952.,1332.,,,,,,,,,,
953.,1335.,,,,,,,,,,
954.,1337.,,,,,,,,,,
955.,1340.,,,,,,,,,,
956.,1340.,,,,,,,,,,
957.,1348.,,,,,,,,,,
958.,1352.,,,,,,,,,,
959.,1359.,,,,,,,,,,
960.,1360.,,,,,,,,,,
961.,1364.,,,,,,,,,,
962.,1369.,,,,,,,,,,
963.,1369.,,,,,,,,,,
964.,1374.,,,,,,,,,,
965.,1378.,,,,,,,,,,
966.,1383.,,,,,,,,,,
967.,1382.,,,,,,,,,,
968.,1386.,,,,,,,,,,
969.,1385.,,,,,,,,,,
970.,1387.,,,,,,,,,,
971.,1388.,,,,,,,,,,
972.,1389.,,,,,,,,,,
973.,1389.,,,,,,,,,,
974.,1393.,,,,,,,,,,
975.,1396.,,,,,,,,,,
976.,1395.,,,,,,,,,,
977.,1397.,,,,,,,,,,
978.,1400.,,,,,,,,,,
979.,1401.,,,,,,,,,,
980.,1404.,,,,,,,,,,
981.,1405.,,,,,,,,,,
982.,1402.,,,,,,,,,,
983.,1404.,,,,,,,,,,
984.,1403.,,,,,,,,,,
985.,1404.,,,,,,,,,,
986.,1405.,,,,,,,,,,
987.,1404.,,,,,,,,,,
988.,1403.,,,,,,,,,,
989.,1402.,,,,,,,,,,
990.,1405.,,,,,,,,,,
991.,1407.,,,,,,,,,,
992.,1407.,,,,,,,,,,
993.,1403.,,,,,,,,,,
994.,1403.,,,,,,,,,,
995.,1404.,,,,,,,,,,
996.,1403.,,,,,,,,,,
997.,1401.,,,,,,,,,,
998.,1401.,,,,,,,,,,
999.,1397.,,,,,,,,,,
1000.,1395.,,,,,,,,,,
1001.,1397.,,,,,,,,,,
1002.,1396.,,,,,,,,,,
1003.,1395.,,,,,,,,,,
1004.,1396.,,,,,,,,,,
1005.,1395.,,,,,,,,,,
1006.,1393.,,,,,,,,,,
1007.,1390.,,,,,,,,,,
1008.,1387.,,,,,,,,,,
1009.,1389.,,,,,,,,,,
1010.,1388.,,,,,,,,,,
1011.,1386.,,,,,,,,,,
1012.,1386.,,,,,,,,,,
1013.,1384.,,,,,,,,,,
1014.,1383.,,,,,,,,,,
1015.,1379.,,,,,,,,,,
1016.,1374.,,,,,,,,,,
1017.,1373.,,,,,,,,,,
1018.,1368.,,,,,,,,,,
1019.,1367.,,,,,,,,,,
1020.,1367.,,,,,,,,,,
1021.,1364.,,,,,,,,,,
1022.,1362.,,,,,,,,,,
1023.,1358.,,,,,,,,,,
1024.,1353.,,,,,,,,,,
1025.,1354.,,,,,,,,,,
1026.,1346.,,,,,,,,,,
1027.,1346.,,,,,,,,,,
1028.,1338.,,,,,,,,,,
1029.,1337.,,,,,,,,,,
1030.,1335.,,,,,,,,,,
1031.,1329.,,,,,,,,,,
1032.,1323.,,,,,,,,,,
1033.,1319.,,,,,,,,,,
1034.,1317.,,,,,,,,,,
1035.,1314.,,,,,,,,,,
1036.,1309.,,,,,,,,,,
1037.,1304.,,,,,,,,,,
1038.,1300.,,,,,,,,,,
1039.,1298.,,,,,,,,,,
1040.,1294.,,,,,,,,,,
1041.,1287.,,,,,,,,,,
1042.,1280.,,,,,,,,,,
1043.,1279.,,,,,,,,,,
1044.,1276.,,,,,,,,,,
1045.,1275.,,,,,,,,,,
1046.,1273.,,,,,,,,,,
1047.,1269.,,,,,,,,,,
1048.,1266.,,,,,,,,,,
1049.,1263.,,,,,,,,,,
1050.,1259.,,,,,,,,,,
1051.,1255.,,,,,,,,,,
1052.,1253.,,,,,,,,,,
1053.,1249.,,,,,,,,,,
1054.,1242.,,,,,,,,,,
1055.,1233.,,,,,,,,,,
1056.,1221.,,,,,,,,,,
1057.,1215.,,,,,,,,,,
1058.,1204.,,,,,,,,,,
1059.,1196.,,,,,,,,,,
1060.,1186.,,,,,,,,,,
1061.,1183.,,,,,,,,,,
1062.,1176.,,,,,,,,,,
1063.,1159.,,,,,,,,,,
1064.,1152.,,,,,,,,,,
1065.,1147.,,,,,,,,,,
1066.,1141.,,,,,,,,,,
1067.,1137.,,,,,,,,,,
1068.,1132.,,,,,,,,,,
1069.,1124.,,,,,,,,,,
1070.,1120.,,,,,,,,,,
1071.,1115.,,,,,,,,,,
1072.,1108.,,,,,,,,,,
1073.,1101.,,,,,,,,,,
1074.,1085.,,,,,,,,,,
1075.,1081.,,,,,,,,,,
1076.,1070.,,,,,,,,,,
1077.,1065.,,,,,,,,,,
1078.,1054.,,,,,,,,,,
1079.,1051.,,,,,,,,,,
1080.,1042.,,,,,,,,,,
1081.,1032.,,,,,,,,,,
1082.,1024.,,,,,,,,,,
1083.,1018.,,,,,,,,,,
1084.,1011.,,,,,,,,,,
1085.,1010.,,,,,,,,,,
1086.,1008.,,,,,,,,,,
1087.,1007.,,,,,,,,,,
1088.,1003.,,,,,,,,,,
1089.,1001.,,,,,,,,,,
1090.,998.,,,,,,,,,,
1091.,998.,,,,,,,,,,
1092.,994.,,,,,,,,,,
1093.,991.,,,,,,,,,,
1094.,990.,,,,,,,,,,
1095.,991.,,,,,,,,,,
1096.,988.,,,,,,,,,,
1097.,988.,,,,,,,,,,
1098.,990.,,,,,,,,,,
1099.,992.,,,,,,,,,,
1100.,996.,,,,,,,,,,
1101.,999.,,,,,,,,,,
1102.,1002.,,,,,,,,,,
1103.,1004.,,,,,,,,,,
1104.,1007.,,,,,,,,,,
1105.,1009.,,,,,,,,,,
1106.,1012.,,,,,,,,,,
1107.,1014.,,,,,,,,,,
1108.,1018.,,,,,,,,,,
1109.,1022.,,,,,,,,,,
1110.,1032.,,,,,,,,,,
1111.,1038.,,,,,,,,,,
1112.,1051.,,,,,,,,,,
1113.,1059.,,,,,,,,,,
1114.,1066.,,,,,,,,,,
1115.,1078.,,,,,,,,,,
1116.,1087.,,,,,,,,,,
1117.,1101.,,,,,,,,,,
1118.,1110.,,,,,,,,,,
1119.,1118.,,,,,,,,,,
1120.,1124.,,,,,,,,,,
1121.,1133.,,,,,,,,,,
1122.,1141.,,,,,,,,,,
1123.,1147.,,,,,,,,,,
1124.,1162.,,,,,,,,,,
1125.,1174.,,,,,,,,,,
1126.,1184.,,,,,,,,,,
1127.,1191.,,,,,,,,,,
1128.,1213.,,,,,,,,,,
1129.,1231.,,,,,,,,,,
1130.,1237.,,,,,,,,,,
1131.,1246.,,,,,,,,,,
1132.,1254.,,,,,,,,,,
1133.,1257.,,,,,,,,,,
1134.,1264.,,,,,,,,,,
1135.,1268.,,,,,,,,,,
1136.,1274.,,,,,,,,,,
1137.,1278.,,,,,,,,,,
1138.,1284.,,,,,,,,,,
1139.,1296.,,,,,,,,,,
1140.,1304.,,,,,,,,,,
1141.,1313.,,,,,,,,,,
1142.,1318.,,,,,,,,,,
1143.,1321.,,,,,,,,,,
1144.,1328.,,,,,,,,,,
1145.,1335.,,,,,,,,,,
1146.,1345.,,,,,,,,,,
1147.,1364.,,,,,,,,,,
1148.,1368.,,,,,,,,,,
1149.,1377.,,,,,,,,,,
1150.,1380.,,,,,,,,,,
1151.,1389.,,,,,,,,,,
1152.,1393.,,,,,,,,,,
1153.,1403.,,,,,,,,,,
1154.,1416.,,,,,,,,,,
1155.,1433.,,,,,,,,,,
1156.,1444.,,,,,,,,,,
1157.,1453.,,,,,,,,,,
1158.,1461.,,,,,,,,,,
1159.,1479.,,,,,,,,,,
1160.,1494.,,,,,,,,,,
1161.,1503.,,,,,,,,,,
1162.,1512.,,,,,,,,,,
1163.,1519.,,,,,,,,,,
1164.,1522.,,,,,,,,,,
1165.,1528.,,,,,,,,,,
1166.,1532.,,,,,,,,,,
1167.,1537.,,,,,,,,,,
1168.,1546.,,,,,,,,,,
1169.,1558.,,,,,,,,,,
1170.,1569.,,,,,,,,,,
1171.,1575.,,,,,,,,,,
1172.,1585.,,,,,,,,,,
1173.,1595.,,,,,,,,,,
1174.,1607.,,,,,,,,,,
1175.,1621.,,,,,,,,,,
1176.,1628.,,,,,,,,,,
1177.,1636.,,,,,,,,,,
1178.,1639.,,,,,,,,,,
1179.,1646.,,,,,,,,,,
1180.,1652.,,,,,,,,,,
1181.,1656.,,,,,,,,,,
1182.,1665.,,,,,,,,,,
1183.,1675.,,,,,,,,,,
1184.,1687.,,,,,,,,,,
1185.,1694.,,,,,,,,,,
1186.,1700.,,,,,,,,,,
1187.,1708.,,,,,,,,,,
1188.,1716.,,,,,,,,,,
1189.,1722.,,,,,,,,,,
1190.,1732.,,,,,,,,,,
1191.,1742.,,,,,,,,,,
1192.,1747.,,,,,,,,,,
1193.,1758.,,,,,,,,,,
1194.,1761.,,,,,,,,,,
1195.,1767.,,,,,,,,,,
1196.,1772.,,,,,,,,,,
1197.,1776.,,,,,,,,,,
1198.,1780.,,,,,,,,,,
1199.,1783.,,,,,,,,,,
1200.,1786.,,,,,,,,,,
1201.,1792.,,,,,,,,,,
1202.,1796.,,,,,,,,,,
1203.,1798.,,,,,,,,,,
1204.,1810.,,,,,,,,,,
1205.,1820.,,,,,,,,,,
1206.,1826.,,,,,,,,,,
1207.,1830.,,,,,,,,,,
1208.,1835.,,,,,,,,,,
1209.,1841.,,,,,,,,,,
1210.,1848.,,,,,,,,,,
1211.,1853.,,,,,,,,,,
1212.,1857.,,,,,,,,,,
1213.,1867.,,,,,,,,,,
1214.,1874.,,,,,,,,,,
1215.,1882.,,,,,,,,,,
1216.,1885.,,,,,,,,,,
1217.,1890.,,,,,,,,,,
1218.,1893.,,,,,,,,,,
1219.,1899.,,,,,,,,,,
1220.,1900.,,,,,,,,,,
1221.,1904.,,,,,,,,,,
1222.,1908.,,,,,,,,,,
1223.,1911.,,,,,,,,,,
1224.,1919.,,,,,,,,,,
1225.,1918.,,,,,,,,,,
1226.,1925.,,,,,,,,,,
1227.,1927.,,,,,,,,,,
1228.,1934.,,,,,,,,,,
1229.,1939.,,,,,,,,,,
1230.,1948.,,,,,,,,,,
1231.,1950.,,,,,,,,,,
1232.,1950.,,,,,,,,,,
1233.,1952.,,,,,,,,,,
1234.,1957.,,,,,,,,,,
1235.,1956.,,,,,,,,,,
1236.,1962.,,,,,,,,,,
1237.,1965.,,,,,,,,,,
1238.,1966.,,,,,,,,,,
1239.,1965.,,,,,,,,,,
1240.,1966.,,,,,,,,,,
1241.,1968.,,,,,,,,,,
1242.,1973.,,,,,,,,,,
1243.,1975.,,,,,,,,,,
1244.,1983.,,,,,,,,,,
1245.,1983.,,,,,,,,,,
1246.,1982.,,,,,,,,,,
1247.,1988.,,,,,,,,,,
1248.,1991.,,,,,,,,,,
1249.,1994.,,,,,,,,,,
1250.,1995.,,,,,,,,,,
1251.,1996.,,,,,,,,,,
1252.,2001.,,,,,,,,,,
1253.,1999.,,,,,,,,,,
1254.,1999.,,,,,,,,,,
1255.,2001.,,,,,,,,,,
1256.,2003.,,,,,,,,,,
1257.,1999.,,,,,,,,,,
1258.,1996.,,,,,,,,,,
1259.,2001.,,,,,,,,,,
1260.,2002.,,,,,,,,,,
1261.,2000.,,,,,,,,,,
1262.,2003.,,,,,,,,,,
1263.,2001.,,,,,,,,,,
1264.,1999.,,,,,,,,,,
1265.,1992.,,,,,,,,,,
1266.,1996.,,,,,,,,,,
1267.,1996.,,,,,,,,,,
1268.,1992.,,,,,,,,,,
1269.,1991.,,,,,,,,,,
1270.,1990.,,,,,,,,,,
1271.,1983.,,,,,,,,,,
1272.,1982.,,,,,,,,,,
1273.,1982.,,,,,,,,,,
1274.,1973.,,,,,,,,,,
1275.,1976.,,,,,,,,,,
1276.,1976.,,,,,,,,,,
1277.,1969.,,,,,,,,,,
1278.,1967.,,,,,,,,,,
1279.,1964.,,,,,,,,,,
1280.,1961.,,,,,,,,,,
1281.,1959.,,,,,,,,,,
1282.,1958.,,,,,,,,,,
1283.,1952.,,,,,,,,,,
1284.,1954.,,,,,,,,,,
1285.,1946.,,,,,,,,,,
1286.,1945.,,,,,,,,,,
1287.,1946.,,,,,,,,,,
1288.,1941.,,,,,,,,,,
1289.,1934.,,,,,,,,,,
1290.,1923.,,,,,,,,,,
1291.,1921.,,,,,,,,,,
1292.,1919.,,,,,,,,,,
1293.,1915.,,,,,,,,,,
1294.,1914.,,,,,,,,,,
1295.,1910.,,,,,,,,,,
1296.,1908.,,,,,,,,,,
1297.,1906.,,,,,,,,,,
1298.,1907.,,,,,,,,,,
1299.,1900.,,,,,,,,,,
1300.,1898.,,,,,,,,,,
1301.,1897.,,,,,,,,,,
1302.,1894.,,,,,,,,,,
1303.,1890.,,,,,,,,,,
1304.,1888.,,,,,,,,,,
1305.,1887.,,,,,,,,,,
1306.,1886.,,,,,,,,,,
1307.,1881.,,,,,,,,,,
1308.,1877.,,,,,,,,,,
1309.,1872.,,,,,,,,,,
1310.,1872.,,,,,,,,,,
1311.,1867.,,,,,,,,,,
1312.,1866.,,,,,,,,,,
1313.,1855.,,,,,,,,,,
1314.,1849.,,,,,,,,,,
1315.,1850.,,,,,,,,,,
1316.,1842.,,,,,,,,,,
1317.,1840.,,,,,,,,,,
1318.,1835.,,,,,,,,,,
1319.,1836.,,,,,,,,,,
1320.,1835.,,,,,,,,,,
1321.,1834.,,,,,,,,,,
1322.,1831.,,,,,,,,,,
1323.,1834.,,,,,,,,,,
1324.,1832.,,,,,,,,,,
1325.,1782.,,,,,,,,,,
1326.,1780.,,,,,,,,,,
1327.,1781.,,,,,,,,,,
1328.,1780.,,,,,,,,,,
1329.,1781.,,,,,,,,,,
1330.,1780.,,,,,,,,,,
1331.,1779.,,,,,,,,,,
1332.,1780.,,,,,,,,,,
1333.,1779.,,,,,,,,,,
1334.,1780.,,,,,,,,,,
1335.,1777.,,,,,,,,,,
1336.,1777.,,,,,,,,,,
1337.,1777.,,,,,,,,,,
1338.,1778.,,,,,,,,,,
1339.,1774.,,,,,,,,,,
1340.,1774.,,,,,,,,,,
1341.,1771.,,,,,,,,,,
1342.,1773.,,,,,,,,,,
1343.,1771.,,,,,,,,,,
1344.,1770.,,,,,,,,,,
1345.,1768.,,,,,,,,,,
1346.,1768.,,,,,,,,,,
1347.,1768.,,,,,,,,,,
1348.,1767.,,,,,,,,,,
1349.,1767.,,,,,,,,,,
1350.,1765.,,,,,,,,,,
1351.,1762.,,,,,,,,,,
1352.,1763.,,,,,,,,,,
1353.,1760.,,,,,,,,,,
1354.,1764.,,,,,,,,,,
1355.,1759.,,,,,,,,,,
1356.,1757.,,,,,,,,,,
1357.,1756.,,,,,,,,,,
1358.,1754.,,,,,,,,,,
1359.,1756.,,,,,,,,,,
1360.,1754.,,,,,,,,,,
1361.,1752.,,,,,,,,,,
1362.,1752.,,,,,,,,,,
1363.,1751.,,,,,,,,,,
1364.,1748.,,,,,,,,,,
1365.,1749.,,,,,,,,,,
1366.,1745.,,,,,,,,,,
1367.,1748.,,,,,,,,,,
1368.,1746.,,,,,,,,,,
1369.,1746.,,,,,,,,,,
1370.,1746.,,,,,,,,,,
1371.,1741.,,,,,,,,,,
1372.,1745.,,,,,,,,,,
1373.,1739.,,,,,,,,,,
1374.,1741.,,,,,,,,,,
1375.,1738.,,,,,,,,,,
1376.,1742.,,,,,,,,,,
1377.,1740.,,,,,,,,,,
1378.,1738.,,,,,,,,,,
1379.,1735.,,,,,,,,,,
1380.,1732.,,,,,,,,,,
1381.,1737.,,,,,,,,,,
1382.,1731.,,,,,,,,,,
1383.,1731.,,,,,,,,,,
1384.,1728.,,,,,,,,,,
1385.,1730.,,,,,,,,,,
1386.,1727.,,,,,,,,,,
1387.,1723.,,,,,,,,,,
1388.,1720.,,,,,,,,,,
1389.,1716.,,,,,,,,,,
1390.,1717.,,,,,,,,,,
1391.,1719.,,,,,,,,,,
1392.,1712.,,,,,,,,,,
1393.,1709.,,,,,,,,,,
1394.,1710.,,,,,,,,,,
1395.,1708.,,,,,,,,,,
1396.,1704.,,,,,,,,,,
1397.,1704.,,,,,,,,,,
1398.,1704.,,,,,,,,,,
1399.,1702.,,,,,,,,,,
1400.,1701.,,,,,,,,,,
1401.,1699.,,,,,,,,,,
1402.,1697.,,,,,,,,,,
1403.,1694.,,,,,,,,,,
1404.,1690.,,,,,,,,,,
1405.,1688.,,,,,,,,,,
1406.,1688.,,,,,,,,,,
1407.,1684.,,,,,,,,,,
1408.,1686.,,,,,,,,,,
1409.,1676.,,,,,,,,,,
1410.,1672.,,,,,,,,,,
1411.,1671.,,,,,,,,,,
1412.,1667.,,,,,,,,,,
1413.,1666.,,,,,,,,,,
1414.,1665.,,,,,,,,,,
1415.,1662.,,,,,,,,,,
1416.,1659.,,,,,,,,,,
1417.,1659.,,,,,,,,,,
1418.,1656.,,,,,,,,,,
1419.,1655.,,,,,,,,,,
1420.,1654.,,,,,,,,,,
1421.,1650.,,,,,,,,,,
1422.,1650.,,,,,,,,,,
1423.,1648.,,,,,,,,,,
1424.,1649.,,,,,,,,,,
1425.,1647.,,,,,,,,,,
1426.,1642.,,,,,,,,,,
1427.,1642.,,,,,,,,,,
1428.,1643.,,,,,,,,,,
1429.,1637.,,,,,,,,,,
1430.,1637.,,,,,,,,,,
1431.,1632.,,,,,,,,,,
1432.,1633.,,,,,,,,,,
1433.,1628.,,,,,,,,,,
1434.,1629.,,,,,,,,,,
1435.,1628.,,,,,,,,,,
1436.,1624.,,,,,,,,,,
1437.,1621.,,,,,,,,,,
1438.,1618.,,,,,,,,,,
1439.,1615.,,,,,,,,,,
1440.,1612.,,,,,,,,,,
1441.,1606.,,,,,,,,,,
1442.,1603.,,,,,,,,,,
1443.,1597.,,,,,,,,,,
1444.,1592.,,,,,,,,,,
1445.,1588.,,,,,,,,,,
1446.,1587.,,,,,,,,,,
1447.,1582.,,,,,,,,,,
1448.,1577.,,,,,,,,,,
1449.,1577.,,,,,,,,,,
1450.,1574.,,,,,,,,,,
1451.,1571.,,,,,,,,,,
1452.,1569.,,,,,,,,,,
1453.,1565.,,,,,,,,,,
1454.,1564.,,,,,,,,,,
1455.,1559.,,,,,,,,,,
1456.,1558.,,,,,,,,,,
1457.,1552.,,,,,,,,,,
1458.,1547.,,,,,,,,,,
1459.,1543.,,,,,,,,,,
1460.,1540.,,,,,,,,,,
1461.,1535.,,,,,,,,,,
1462.,1536.,,,,,,,,,,
1463.,1534.,,,,,,,,,,
1464.,1531.,,,,,,,,,,
1465.,1532.,,,,,,,,,,
1466.,1530.,,,,,,,,,,
1467.,1528.,,,,,,,,,,
1468.,1526.,,,,,,,,,,
1469.,1525.,,,,,,,,,,
1470.,1524.,,,,,,,,,,
1471.,1522.,,,,,,,,,,
1472.,1520.,,,,,,,,,,
1473.,1519.,,,,,,,,,,
1474.,1518.,,,,,,,,,,
1475.,1515.,,,,,,,,,,
1476.,1515.,,,,,,,,,,
1477.,1511.,,,,,,,,,,
1478.,1508.,,,,,,,,,,
1479.,1508.,,,,,,,,,,
1480.,1504.,,,,,,,,,,
1481.,1501.,,,,,,,,,,
1482.,1500.,,,,,,,,,,
1483.,1495.,,,,,,,,,,
1484.,1493.,,,,,,,,,,
1485.,1487.,,,,,,,,,,
1486.,1483.,,,,,,,,,,
1487.,1478.,,,,,,,,,,
1488.,1470.,,,,,,,,,,
1489.,1464.,,,,,,,,,,
1490.,1460.,,,,,,,,,,
1491.,1456.,,,,,,,,,,
1492.,1455.,,,,,,,,,,
1493.,1450.,,,,,,,,,,
1494.,1448.,,,,,,,,,,
1495.,1447.,,,,,,,,,,
1496.,1443.,,,,,,,,,,
1497.,1438.,,,,,,,,,,
1498.,1437.,,,,,,,,,,
1499.,1431.,,,,,,,,,,
1500.,1425.,,,,,,,,,,
1501.,1411.,,,,,,,,,,
1502.,1413.,,,,,,,,,,
1503.,1405.,,,,,,,,,,
1504.,1443.,,,,,,,,,,
1505.,1436.,,,,,,,,,,
1506.,1433.,,,,,,,,,,
1507.,1430.,,,,,,,,,,
1508.,1427.,,,,,,,,,,
1509.,1424.,,,,,,,,,,
1510.,1415.,,,,,,,,,,
1511.,1412.,,,,,,,,,,
1512.,1405.,,,,,,,,,,
1513.,1403.,,,,,,,,,,
1514.,1397.,,,,,,,,,,
1515.,1397.,,,,,,,,,,
1516.,1392.,,,,,,,,,,
1517.,1389.,,,,,,,,,,
1518.,1383.,,,,,,,,,,
1519.,1382.,,,,,,,,,,
1520.,1364.,,,,,,,,,,
1521.,1385.,,,,,,,,,,
1522.,1382.,,,,,,,,,,
1523.,1378.,,,,,,,,,,
1524.,1376.,,,,,,,,,,
1525.,1371.,,,,,,,,,,
1526.,1365.,,,,,,,,,,
1527.,1363.,,,,,,,,,,
1528.,1354.,,,,,,,,,,
1529.,1341.,,,,,,,,,,
1530.,1332.,,,,,,,,,,
1531.,1331.,,,,,,,,,,
1532.,1318.,,,,,,,,,,
1533.,1317.,,,,,,,,,,
1534.,1313.,,,,,,,,,,
1535.,1306.,,,,,,,,,,
1536.,1302.,,,,,,,,,,
1537.,1296.,,,,,,,,,,
1538.,1287.,,,,,,,,,,
1539.,1278.,,,,,,,,,,
1540.,1276.,,,,,,,,,,
1541.,1272.,,,,,,,,,,
1542.,1271.,,,,,,,,,,
1543.,1268.,,,,,,,,,,
1544.,1267.,,,,,,,,,,
1545.,1266.,,,,,,,,,,
1546.,1264.,,,,,,,,,,
1547.,1261.,,,,,,,,,,
1548.,1259.,,,,,,,,,,
1549.,1258.,,,,,,,,,,
1550.,1265.,,,,,,,,,,
1551.,1260.,,,,,,,,,,
1552.,1257.,,,,,,,,,,
1553.,1253.,,,,,,,,,,
1554.,1252.,,,,,,,,,,
1555.,1252.,,,,,,,,,,
1556.,1250.,,,,,,,,,,
1557.,1249.,,,,,,,,,,
1558.,1245.,,,,,,,,,,
1559.,1244.,,,,,,,,,,
1560.,1240.,,,,,,,,,,
1561.,1238.,,,,,,,,,,
1562.,1237.,,,,,,,,,,
1563.,1232.,,,,,,,,,,
1564.,1232.,,,,,,,,,,
1565.,1228.,,,,,,,,,,
1566.,1224.,,,,,,,,,,
1567.,1226.,,,,,,,,,,
1568.,1219.,,,,,,,,,,
1569.,1214.,,,,,,,,,,
1570.,1210.,,,,,,,,,,
1571.,1208.,,,,,,,,,,
1572.,1208.,,,,,,,,,,
1573.,1204.,,,,,,,,,,
1574.,1207.,,,,,,,,,,
1575.,1208.,,,,,,,,,,
1576.,1205.,,,,,,,,,,
1577.,1204.,,,,,,,,,,
1578.,1199.,,,,,,,,,,
1579.,1197.,,,,,,,,,,
1580.,1196.,,,,,,,,,,
1581.,1192.,,,,,,,,,,
1582.,1194.,,,,,,,,,,
1583.,1193.,,,,,,,,,,
1584.,1192.,,,,,,,,,,
1585.,1192.,,,,,,,,,,
1586.,1189.,,,,,,,,,,
1587.,1185.,,,,,,,,,,
1588.,1189.,,,,,,,,,,
1589.,1186.,,,,,,,,,,
1590.,1183.,,,,,,,,,,
1591.,1182.,,,,,,,,,,
1592.,1182.,,,,,,,,,,
1593.,1181.,,,,,,,,,,
1594.,1181.,,,,,,,,,,
1595.,1180.,,,,,,,,,,
1596.,1178.,,,,,,,,,,
1597.,1179.,,,,,,,,,,
1598.,1177.,,,,,,,,,,
1599.,1176.,,,,,,,,,,
1600.,1176.,,,,,,,,,,
1601.,1176.,,,,,,,,,,
1602.,1171.,,,,,,,,,,
1603.,1174.,,,,,,,,,,
1604.,1176.,,,,,,,,,,
1605.,1176.,,,,,,,,,,
1606.,1170.,,,,,,,,,,
1607.,1184.,,,,,,,,,,
1608.,1183.,,,,,,,,,,
1609.,1178.,,,,,,,,,,
1610.,1182.,,,,,,,,,,
1611.,1181.,,,,,,,,,,
1612.,1180.,,,,,,,,,,
1613.,1183.,,,,,,,,,,
1614.,1181.,,,,,,,,,,
1615.,1182.,,,,,,,,,,
1616.,1184.,,,,,,,,,,
1617.,1183.,,,,,,,,,,
1618.,1183.,,,,,,,,,,
1619.,1183.,,,,,,,,,,
1620.,1185.,,,,,,,,,,
1621.,1186.,,,,,,,,,,
1622.,1188.,,,,,,,,,,
1623.,1188.,,,,,,,,,,
1624.,1187.,,,,,,,,,,
1625.,1188.,,,,,,,,,,
1626.,1192.,,,,,,,,,,
1627.,1192.,,,,,,,,,,
1628.,1193.,,,,,,,,,,
1629.,1194.,,,,,,,,,,
1630.,1195.,,,,,,,,,,
1631.,1196.,,,,,,,,,,
1632.,1200.,,,,,,,,,,
1633.,1199.,,,,,,,,,,
1634.,1196.,,,,,,,,,,
1635.,1203.,,,,,,,,,,
1636.,1206.,,,,,,,,,,
1637.,1208.,,,,,,,,,,
1638.,1207.,,,,,,,,,,
1639.,1211.,,,,,,,,,,
1640.,1244.,,,,,,,,,,
1641.,1233.,,,,,,,,,,
1642.,1232.,,,,,,,,,,
1643.,1238.,,,,,,,,,,
1644.,1240.,,,,,,,,,,
1645.,1243.,,,,,,,,,,
1646.,1244.,,,,,,,,,,
1647.,1255.,,,,,,,,,,
1648.,1253.,,,,,,,,,,
1649.,1254.,,,,,,,,,,
1650.,1257.,,,,,,,,,,
1651.,1258.,,,,,,,,,,
1652.,1261.,,,,,,,,,,
1653.,1262.,,,,,,,,,,
1654.,1266.,,,,,,,,,,
1655.,1268.,,,,,,,,,,
1656.,1270.,,,,,,,,,,
1657.,1271.,,,,,,,,,,
1658.,1273.,,,,,,,,,,
1659.,1276.,,,,,,,,,,
1660.,1281.,,,,,,,,,,
1661.,1312.,,,,,,,,,,
1662.,1295.,,,,,,,,,,
1663.,1299.,,,,,,,,,,
1664.,1306.,,,,,,,,,,
1665.,1308.,,,,,,,,,,
1666.,1331.,,,,,,,,,,
1667.,1318.,,,,,,,,,,
1668.,1325.,,,,,,,,,,
1669.,1330.,,,,,,,,,,
1670.,1335.,,,,,,,,,,
1671.,1338.,,,,,,,,,,
1672.,1349.,,,,,,,,,,
1673.,1369.,,,,,,,,,,
1674.,1364.,,,,,,,,,,
1675.,1368.,,,,,,,,,,
1676.,1371.,,,,,,,,,,
1677.,1376.,,,,,,,,,,
1678.,1384.,,,,,,,,,,
1679.,1398.,,,,,,,,,,
1680.,1392.,,,,,,,,,,
1681.,1397.,,,,,,,,,,
1682.,1400.,,,,,,,,,,
1683.,1403.,,,,,,,,,,
1684.,1429.,,,,,,,,,,
1685.,1411.,,,,,,,,,,
1686.,1427.,,,,,,,,,,
1687.,1429.,,,,,,,,,,
1688.,1441.,,,,,,,,,,
1689.,1444.,,,,,,,,,,
1690.,1447.,,,,,,,,,,
1691.,1445.,,,,,,,,,,
1692.,1449.,,,,,,,,,,
1693.,1454.,,,,,,,,,,
1694.,1453.,,,,,,,,,,
1695.,1458.,,,,,,,,,,
1696.,1460.,,,,,,,,,,
1697.,1467.,,,,,,,,,,
1698.,1471.,,,,,,,,,,
1699.,1464.,,,,,,,,,,
1700.,1472.,,,,,,,,,,
1701.,1482.,,,,,,,,,,
1702.,1483.,,,,,,,,,,
1703.,1488.,,,,,,,,,,
1704.,1487.,,,,,,,,,,
1705.,1489.,,,,,,,,,,
1706.,1495.,,,,,,,,,,
1707.,1490.,,,,,,,,,,
1708.,1499.,,,,,,,,,,
1709.,1502.,,,,,,,,,,
1710.,1504.,,,,,,,,,,
1711.,1503.,,,,,,,,,,
1712.,1505.,,,,,,,,,,
1713.,1506.,,,,,,,,,,
1714.,1505.,,,,,,,,,,
1715.,1505.,,,,,,,,,,
1716.,1506.,,,,,,,,,,
1717.,1505.,,,,,,,,,,
1718.,1506.,,,,,,,,,,
1719.,1506.,,,,,,,,,,
1720.,1506.,,,,,,,,,,
1721.,1506.,,,,,,,,,,
1722.,1503.,,,,,,,,,,
1723.,1503.,,,,,,,,,,
1724.,1503.,,,,,,,,,,
1725.,1503.,,,,,,,,,,
1726.,1496.,,,,,,,,,,
1727.,1498.,,,,,,,,,,
1728.,1496.,,,,,,,,,,
1729.,1497.,,,,,,,,,,
1730.,1494.,,,,,,,,,,
1731.,1474.,,,,,,,,,,
1732.,1465.,,,,,,,,,,
1733.,1485.,,,,,,,,,,
1734.,1482.,,,,,,,,,,
1735.,1474.,,,,,,,,,,
1736.,1449.,,,,,,,,,,
1737.,1466.,,,,,,,,,,
1738.,1461.,,,,,,,,,,
1739.,1439.,,,,,,,,,,
1740.,1450.,,,,,,,,,,
1741.,1449.,,,,,,,,,,
1742.,1444.,,,,,,,,,,
1743.,1437.,,,,,,,,,,
1744.,1437.,,,,,,,,,,
1745.,1431.,,,,,,,,,,
1746.,1423.,,,,,,,,,,
1747.,1411.,,,,,,,,,,
1748.,1405.,,,,,,,,,,
1749.,1387.,,,,,,,,,,
1750.,1403.,,,,,,,,,,
1751.,1399.,,,,,,,,,,
1752.,1394.,,,,,,,,,,
1753.,1389.,,,,,,,,,,
1754.,1386.,,,,,,,,,,
1755.,1365.,,,,,,,,,,
1756.,1375.,,,,,,,,,,
1757.,1367.,,,,,,,,,,
1758.,1360.,,,,,,,,,,
1759.,1320.,,,,,,,,,,
1760.,1338.,,,,,,,,,,
1761.,1325.,,,,,,,,,,
1762.,1284.,,,,,,,,,,
1763.,1311.,,,,,,,,,,
1764.,1269.,,,,,,,,,,
1765.,1285.,,,,,,,,,,
1766.,1277.,,,,,,,,,,
1767.,1253.,,,,,,,,,,
1768.,1246.,,,,,,,,,,
1769.,1258.,,,,,,,,,,
1770.,1253.,,,,,,,,,,
1771.,1240.,,,,,,,,,,
1772.,1235.,,,,,,,,,,
1773.,1201.,,,,,,,,,,
1774.,1202.,,,,,,,,,,
1775.,1193.,,,,,,,,,,
1776.,1180.,,,,,,,,,,
1777.,1176.,,,,,,,,,,
1778.,1164.,,,,,,,,,,
1779.,1148.,,,,,,,,,,
1780.,1139.,,,,,,,,,,
1781.,1133.,,,,,,,,,,
1782.,1137.,,,,,,,,,,
1783.,1117.,,,,,,,,,,
1784.,1108.,,,,,,,,,,
1785.,1122.,,,,,,,,,,
1786.,1082.,,,,,,,,,,
1787.,1075.,,,,,,,,,,
1788.,1102.,,,,,,,,,,
1789.,1055.,,,,,,,,,,
1790.,1085.,,,,,,,,,,
1791.,1047.,,,,,,,,,,
1792.,1036.,,,,,,,,,,
1793.,1025.,,,,,,,,,,
1794.,1018.,,,,,,,,,,
1795.,1015.,,,,,,,,,,
1796.,1008.,,,,,,,,,,
1797.,1005.,,,,,,,,,,
1798.,1016.,,,,,,,,,,
1799.,994.,,,,,,,,,,
1800.,1003.,,,,,,,,,,
1801.,981.,,,,,,,,,,
1802.,988.,,,,,,,,,,
1803.,981.,,,,,,,,,,
1804.,953.,,,,,,,,,,
1805.,948.,,,,,,,,,,
1806.,942.,,,,,,,,,,
1807.,938.,,,,,,,,,,
1808.,935.,,,,,,,,,,
1809.,929.,,,,,,,,,,
1810.,925.,,,,,,,,,,
1811.,925.,,,,,,,,,,
1812.,916.,,,,,,,,,,
1813.,910.,,,,,,,,,,
1814.,907.,,,,,,,,,,
1815.,908.,,,,,,,,,,
1816.,898.,,,,,,,,,,
1817.,895.,,,,,,,,,,
1818.,895.,,,,,,,,,,
1819.,896.,,,,,,,,,,
1820.,891.,,,,,,,,,,
1821.,891.,,,,,,,,,,
1822.,894.,,,,,,,,,,
1823.,904.,,,,,,,,,,
1824.,903.,,,,,,,,,,
1825.,891.,,,,,,,,,,
1826.,896.,,,,,,,,,,
1827.,895.,,,,,,,,,,
1828.,898.,,,,,,,,,,
1829.,899.,,,,,,,,,,
1830.,929.,,,,,,,,,,
1831.,935.,,,,,,,,,,
1832.,954.,,,,,,,,,,
1833.,935.,,,,,,,,,,
1834.,940.,,,,,,,,,,
1835.,948.,,,,,,,,,,
1836.,956.,,,,,,,,,,
1837.,964.,,,,,,,,,,
1838.,971.,,,,,,,,,,
1839.,981.,,,,,,,,,,
1840.,991.,,,,,,,,,,
1841.,996.,,,,,,,,,,
1842.,1002.,,,,,,,,,,
1843.,1006.,,,,,,,,,,
1844.,1012.,,,,,,,,,,
1845.,1017.,,,,,,,,,,
1846.,1022.,,,,,,,,,,
1847.,1034.,,,,,,,,,,
1848.,1045.,,,,,,,,,,
1849.,1052.,,,,,,,,,,
1850.,1059.,,,,,,,,,,
1851.,1069.,,,,,,,,,,
1852.,1083.,,,,,,,,,,
1853.,1096.,,,,,,,,,,
1854.,1106.,,,,,,,,,,
1855.,1115.,,,,,,,,,,
1856.,1063.,,,,,,,,,,
1857.,1131.,,,,,,,,,,
1858.,1138.,,,,,,,,,,
1859.,1142.,,,,,,,,,,
1860.,1150.,,,,,,,,,,
1861.,1171.,,,,,,,,,,
1862.,1179.,,,,,,,,,,
1863.,1188.,,,,,,,,,,
1864.,1193.,,,,,,,,,,
1865.,1200.,,,,,,,,,,
1866.,1216.,,,,,,,,,,
1867.,1230.,,,,,,,,,,
1868.,1243.,,,,,,,,,,
1869.,1249.,,,,,,,,,,
1870.,1257.,,,,,,,,,,
1871.,1261.,,,,,,,,,,
1872.,1266.,,,,,,,,,,
1873.,1270.,,,,,,,,,,
1874.,1276.,,,,,,,,,,
1875.,1283.,,,,,,,,,,
1876.,1297.,,,,,,,,,,
1877.,1311.,,,,,,,,,,
1878.,1316.,,,,,,,,,,
1879.,1324.,,,,,,,,,,
1880.,1334.,,,,,,,,,,
1881.,1341.,,,,,,,,,,
1882.,1354.,,,,,,,,,,
1883.,1400.,,,,,,,,,,
1884.,1371.,,,,,,,,,,
1885.,1378.,,,,,,,,,,
1886.,1381.,,,,,,,,,,
1887.,1386.,,,,,,,,,,
1888.,1390.,,,,,,,,,,
1889.,1393.,,,,,,,,,,
1890.,1400.,,,,,,,,,,
1891.,1406.,,,,,,,,,,
1892.,1407.,,,,,,,,,,
1893.,1411.,,,,,,,,,,
1894.,1422.,,,,,,,,,,
1895.,1425.,,,,,,,,,,
1896.,1430.,,,,,,,,,,
1897.,1432.,,,,,,,,,,
1898.,1434.,,,,,,,,,,
1899.,1436.,,,,,,,,,,
1900.,1437.,,,,,,,,,,
1901.,1439.,,,,,,,,,,
1902.,1442.,,,,,,,,,,
1903.,1442.,,,,,,,,,,
1904.,1442.,,,,,,,,,,
1905.,1444.,,,,,,,,,,
1906.,1445.,,,,,,,,,,
1907.,1442.,,,,,,,,,,
1908.,1441.,,,,,,,,,,
1909.,1443.,,,,,,,,,,
1910.,1446.,,,,,,,,,,
1911.,1442.,,,,,,,,,,
1912.,1443.,,,,,,,,,,
1913.,1439.,,,,,,,,,,
1914.,1439.,,,,,,,,,,
1915.,1436.,,,,,,,,,,
1916.,1435.,,,,,,,,,,
1917.,1431.,,,,,,,,,,
1918.,1429.,,,,,,,,,,
1919.,1422.,,,,,,,,,,
1920.,1420.,,,,,,,,,,
1921.,1408.,,,,,,,,,,
1922.,1412.,,,,,,,,,,
1923.,1406.,,,,,,,,,,
1924.,1403.,,,,,,,,,,
1925.,1401.,,,,,,,,,,
1926.,1398.,,,,,,,,,,
1927.,1395.,,,,,,,,,,
1928.,1394.,,,,,,,,,,
1929.,1389.,,,,,,,,,,
1930.,1383.,,,,,,,,,,
1931.,1384.,,,,,,,,,,
1932.,1382.,,,,,,,,,,
1933.,1378.,,,,,,,,,,
1934.,1376.,,,,,,,,,,
1935.,1371.,,,,,,,,,,
1936.,1366.,,,,,,,,,,
1937.,1332.,,,,,,,,,,
1938.,1348.,,,,,,,,,,
1939.,1340.,,,,,,,,,,
1940.,1330.,,,,,,,,,,
1941.,1325.,,,,,,,,,,
1942.,1324.,,,,,,,,,,
1943.,1316.,,,,,,,,,,
1944.,1310.,,,,,,,,,,
1945.,1305.,,,,,,,,,,
1946.,1303.,,,,,,,,,,
1947.,1298.,,,,,,,,,,
1948.,1287.,,,,,,,,,,
1949.,1283.,,,,,,,,,,
1950.,1276.,,,,,,,,,,
1951.,1273.,,,,,,,,,,
1952.,1275.,,,,,,,,,,
1953.,1272.,,,,,,,,,,
1954.,1270.,,,,,,,,,,
1955.,1268.,,,,,,,,,,
1956.,1267.,,,,,,,,,,
1957.,1266.,,,,,,,,,,
1958.,1262.,,,,,,,,,,
1959.,1262.,,,,,,,,,,
1960.,1262.,,,,,,,,,,
1961.,1261.,,,,,,,,,,
1962.,1259.,,,,,,,,,,
1963.,1262.,,,,,,,,,,
1964.,1260.,,,,,,,,,,
1965.,1260.,,,,,,,,,,
1966.,1262.,,,,,,,,,,
1967.,1259.,,,,,,,,,,
1968.,1258.,,,,,,,,,,
1969.,1258.,,,,,,,,,,
1970.,1259.,,,,,,,,,,
1971.,1262.,,,,,,,,,,
1972.,1262.,,,,,,,,,,
1973.,1263.,,,,,,,,,,
1974.,1265.,,,,,,,,,,
1975.,1266.,,,,,,,,,,
1976.,1267.,,,,,,,,,,
1977.,1268.,,,,,,,,,,
1978.,1268.,,,,,,,,,,
1979.,1274.,,,,,,,,,,
1980.,1274.,,,,,,,,,,
1981.,1278.,,,,,,,,,,
1982.,1283.,,,,,,,,,,
1983.,1283.,,,,,,,,,,
1984.,1291.,,,,,,,,,,
1985.,1298.,,,,,,,,,,
1986.,1306.,,,,,,,,,,
1987.,1310.,,,,,,,,,,
1988.,1316.,,,,,,,,,,
1989.,1321.,,,,,,,,,,
1990.,1327.,,,,,,,,,,
1991.,1335.,,,,,,,,,,
1992.,1344.,,,,,,,,,,
1993.,1349.,,,,,,,,,,
1994.,1357.,,,,,,,,,,
1995.,1363.,,,,,,,,,,
1996.,1369.,,,,,,,,,,
1997.,1375.,,,,,,,,,,
1998.,1380.,,,,,,,,,,
1999.,1416.,,,,,,,,,,
2000.,1386.,,,,,,,,,,
2001.,1391.,,,,,,,,,,
2002.,1397.,,,,,,,,,,
2003.,1402.,,,,,,,,,,
2004.,1408.,,,,,,,,,,
2005.,1425.,,,,,,,,,,
2006.,1431.,,,,,,,,,,
2007.,1440.,,,,,,,,,,
2008.,1447.,,,,,,,,,,
2009.,1455.,,,,,,,,,,
2010.,1468.,,,,,,,,,,
2011.,1478.,,,,,,,,,,
2012.,1490.,,,,,,,,,,
2013.,1500.,,,,,,,,,,
2014.,1506.,,,,,,,,,,
2015.,1512.,,,,,,,,,,
2016.,1516.,,,,,,,,,,
2017.,1520.,,,,,,,,,,
2018.,1524.,,,,,,,,,,
2019.,1528.,,,,,,,,,,
2020.,1533.,,,,,,,,,,
2021.,1535.,,,,,,,,,,
2022.,1540.,,,,,,,,,,
2023.,1555.,,,,,,,,,,
2024.,1565.,,,,,,,,,,
2025.,1571.,,,,,,,,,,
2026.,1578.,,,,,,,,,,
2027.,1587.,,,,,,,,,,
2028.,1592.,,,,,,,,,,
2029.,1607.,,,,,,,,,,
2030.,1634.,,,,,,,,,,
2031.,1613.,,,,,,,,,,
2032.,1619.,,,,,,,,,,
2033.,1625.,,,,,,,,,,
2034.,1631.,,,,,,,,,,
2035.,1637.,,,,,,,,,,
2036.,1645.,,,,,,,,,,
2037.,1649.,,,,,,,,,,
2038.,1651.,,,,,,,,,,
2039.,1654.,,,,,,,,,,
2040.,1659.,,,,,,,,,,
2041.,1665.,,,,,,,,,,
2042.,1678.,,,,,,,,,,
2043.,1684.,,,,,,,,,,
2044.,1689.,,,,,,,,,,
2045.,1697.,,,,,,,,,,
2046.,1701.,,,,,,,,,,
2047.,1704.,,,,,,,,,,
2048.,1707.,,,,,,,,,,
2049.,1713.,,,,,,,,,,
2050.,1722.,,,,,,,,,,
2051.,1724.,,,,,,,,,,
2052.,1728.,,,,,,,,,,
2053.,1736.,,,,,,,,,,
2054.,1738.,,,,,,,,,,
2055.,1743.,,,,,,,,,,
2056.,1750.,,,,,,,,,,
2057.,1750.,,,,,,,,,,
2058.,1754.,,,,,,,,,,
2059.,1759.,,,,,,,,,,
2060.,1762.,,,,,,,,,,
2061.,1764.,,,,,,,,,,
2062.,1765.,,,,,,,,,,
2063.,1767.,,,,,,,,,,
2064.,1763.,,,,,,,,,,
2065.,1768.,,,,,,,,,,
2066.,1771.,,,,,,,,,,
2067.,1771.,,,,,,,,,,
2068.,1774.,,,,,,,,,,
2069.,1776.,,,,,,,,,,
2070.,1778.,,,,,,,,,,
2071.,1779.,,,,,,,,,,
2072.,1781.,,,,,,,,,,
2073.,1781.,,,,,,,,,,
2074.,1784.,,,,,,,,,,
2075.,1782.,,,,,,,,,,
2076.,1785.,,,,,,,,,,
2077.,1788.,,,,,,,,,,
2078.,1788.,,,,,,,,,,
2079.,1787.,,,,,,,,,,
2080.,1789.,,,,,,,,,,
2081.,1790.,,,,,,,,,,
2082.,1794.,,,,,,,,,,
2083.,1794.,,,,,,,,,,
2084.,1801.,,,,,,,,,,
2085.,1806.,,,,,,,,,,
2086.,1805.,,,,,,,,,,
2087.,1812.,,,,,,,,,,
2088.,1818.,,,,,,,,,,
2089.,1817.,,,,,,,,,,
2090.,1817.,,,,,,,,,,
2091.,1823.,,,,,,,,,,
2092.,1826.,,,,,,,,,,
2093.,1828.,,,,,,,,,,
2094.,1831.,,,,,,,,,,
2095.,1832.,,,,,,,,,,
2096.,1832.,,,,,,,,,,
2097.,1838.,,,,,,,,,,
2098.,1840.,,,,,,,,,,
2099.,1840.,,,,,,,,,,
2100.,1854.,,,,,,,,,,
2101.,1842.,,,,,,,,,,
2102.,1848.,,,,,,,,,,
2103.,1852.,,,,,,,,,,
2104.,1852.,,,,,,,,,,
2105.,1855.,,,,,,,,,,
2106.,1855.,,,,,,,,,,
2107.,1868.,,,,,,,,,,
2108.,1861.,,,,,,,,,,
2109.,1863.,,,,,,,,,,
2110.,1871.,,,,,,,,,,
2111.,1874.,,,,,,,,,,
2112.,1873.,,,,,,,,,,
2113.,1876.,,,,,,,,,,
2114.,1873.,,,,,,,,,,
2115.,1877.,,,,,,,,,,
2116.,1880.,,,,,,,,,,
2117.,1880.,,,,,,,,,,
2118.,1882.,,,,,,,,,,
2119.,1884.,,,,,,,,,,
2120.,1884.,,,,,,,,,,
2121.,1886.,,,,,,,,,,
2122.,1886.,,,,,,,,,,
2123.,1888.,,,,,,,,,,
2124.,1888.,,,,,,,,,,
2125.,1891.,,,,,,,,,,
2126.,1890.,,,,,,,,,,
2127.,1892.,,,,,,,,,,
2128.,1891.,,,,,,,,,,
2129.,1891.,,,,,,,,,,
2130.,1893.,,,,,,,,,,
2131.,1893.,,,,,,,,,,
2132.,1894.,,,,,,,,,,
2133.,1894.,,,,,,,,,,
2134.,1893.,,,,,,,,,,
2135.,1895.,,,,,,,,,,
2136.,1897.,,,,,,,,,,
2137.,1899.,,,,,,,,,,
2138.,1897.,,,,,,,,,,
2139.,1897.,,,,,,,,,,
2140.,1898.,,,,,,,,,,
2141.,1897.,,,,,,,,,,
2142.,1901.,,,,,,,,,,
2143.,1901.,,,,,,,,,,
2144.,1901.,,,,,,,,,,
2145.,1902.,,,,,,,,,,
2146.,1902.,,,,,,,,,,
2147.,1902.,,,,,,,,,,
2148.,1903.,,,,,,,,,,
2149.,1905.,,,,,,,,,,
2150.,1906.,,,,,,,,,,
2151.,1908.,,,,,,,,,,
2152.,1906.,,,,,,,,,,
2153.,1908.,,,,,,,,,,
2154.,1909.,,,,,,,,,,
2155.,1912.,,,,,,,,,,
2156.,1912.,,,,,,,,,,
2157.,1915.,,,,,,,,,,
2158.,1912.,,,,,,,,,,
2159.,1913.,,,,,,,,,,
2160.,1912.,,,,,,,,,,
2161.,1917.,,,,,,,,,,
2162.,1922.,,,,,,,,,,
2163.,1919.,,,,,,,,,,
2164.,1924.,,,,,,,,,,
2165.,1925.,,,,,,,,,,
2166.,1928.,,,,,,,,,,
2167.,1926.,,,,,,,,,,
2168.,1929.,,,,,,,,,,
2169.,1919.,,,,,,,,,,
2170.,1935.,,,,,,,,,,
2171.,1940.,,,,,,,,,,
2172.,1942.,,,,,,,,,,
2173.,1945.,,,,,,,,,,
2174.,1948.,,,,,,,,,,
2175.,1953.,,,,,,,,,,
2176.,1949.,,,,,,,,,,
2177.,1953.,,,,,,,,,,
2178.,1954.,,,,,,,,,,
2179.,1956.,,,,,,,,,,
2180.,1956.,,,,,,,,,,
2181.,1959.,,,,,,,,,,
2182.,1959.,,,,,,,,,,
2183.,1959.,,,,,,,,,,
2184.,1959.,,,,,,,,,,
2185.,1963.,,,,,,,,,,
2186.,1962.,,,,,,,,,,
2187.,1960.,,,,,,,,,,
2188.,1965.,,,,,,,,,,
2189.,1965.,,,,,,,,,,
2190.,1966.,,,,,,,,,,
2191.,1969.,,,,,,,,,,
2192.,1966.,,,,,,,,,,
2193.,1968.,,,,,,,,,,
2194.,1973.,,,,,,,,,,
2195.,1970.,,,,,,,,,,
2196.,1967.,,,,,,,,,,
2197.,1967.,,,,,,,,,,
2198.,1969.,,,,,,,,,,
2199.,1970.,,,,,,,,,,
2200.,1974.,,,,,,,,,,
2201.,1970.,,,,,,,,,,
2202.,1969.,,,,,,,,,,
2203.,1969.,,,,,,,,,,
2204.,1972.,,,,,,,,,,
2205.,1972.,,,,,,,,,,
2206.,1969.,,,,,,,,,,
2207.,1971.,,,,,,,,,,
2208.,1970.,,,,,,,,,,
2209.,1968.,,,,,,,,,,
2210.,1970.,,,,,,,,,,
2211.,1973.,,,,,,,,,,
2212.,1973.,,,,,,,,,,
2213.,1971.,,,,,,,,,,
2214.,1973.,,,,,,,,,,
2215.,1974.,,,,,,,,,,
2216.,1972.,,,,,,,,,,
2217.,1970.,,,,,,,,,,
2218.,1973.,,,,,,,,,,
2219.,1972.,,,,,,,,,,
2220.,1971.,,,,,,,,,,
2221.,1971.,,,,,,,,,,
2222.,1971.,,,,,,,,,,
2223.,1976.,,,,,,,,,,
2224.,1970.,,,,,,,,,,
2225.,1969.,,,,,,,,,,
2226.,1970.,,,,,,,,,,
2227.,1969.,,,,,,,,,,
2228.,1970.,,,,,,,,,,
2229.,1970.,,,,,,,,,,
2230.,1969.,,,,,,,,,,
2231.,1971.,,,,,,,,,,
2232.,1965.,,,,,,,,,,
2233.,1962.,,,,,,,,,,
2234.,1966.,,,,,,,,,,
2235.,1966.,,,,,,,,,,
2236.,1966.,,,,,,,,,,
2237.,1967.,,,,,,,,,,
2238.,1968.,,,,,,,,,,
2239.,1971.,,,,,,,,,,
2240.,1969.,,,,,,,,,,
2241.,1966.,,,,,,,,,,
2242.,1964.,,,,,,,,,,
2243.,1965.,,,,,,,,,,
2244.,1965.,,,,,,,,,,
2245.,1967.,,,,,,,,,,
2246.,1964.,,,,,,,,,,
2247.,1967.,,,,,,,,,,
2248.,1967.,,,,,,,,,,
2249.,1968.,,,,,,,,,,
2250.,1966.,,,,,,,,,,
2251.,1967.,,,,,,,,,,
2252.,1968.,,,,,,,,,,
2253.,1969.,,,,,,,,,,
2254.,1972.,,,,,,,,,,
2255.,1975.,,,,,,,,,,
2256.,1959.,,,,,,,,,,
2257.,1961.,,,,,,,,,,
2258.,1962.,,,,,,,,,,
2259.,1963.,,,,,,,,,,
2260.,1966.,,,,,,,,,,
2261.,1968.,,,,,,,,,,
2262.,1968.,,,,,,,,,,
2263.,1970.,,,,,,,,,,
2264.,1971.,,,,,,,,,,
2265.,1983.,,,,,,,,,,
2266.,1984.,,,,,,,,,,
2267.,1993.,,,,,,,,,,
2268.,1999.,,,,,,,,,,
2269.,2000.,,,,,,,,,,
2270.,2004.,,,,,,,,,,
2271.,2011.,,,,,,,,,,
2272.,2013.,,,,,,,,,,
2273.,2018.,,,,,,,,,,
2274.,2026.,,,,,,,,,,
2275.,2030.,,,,,,,,,,
2276.,2035.,,,,,,,,,,
2277.,2038.,,,,,,,,,,
2278.,2041.,,,,,,,,,,
2279.,2046.,,,,,,,,,,
2280.,2054.,,,,,,,,,,
2281.,2068.,,,,,,,,,,
2282.,2082.,,,,,,,,,,
2283.,2092.,,,,,,,,,,
2284.,2106.,,,,,,,,,,
2285.,2131.,,,,,,,,,,
2286.,2065.,,,,,,,,,,
2287.,2152.,,,,,,,,,,
2288.,2167.,,,,,,,,,,
2289.,2179.,,,,,,,,,,
2290.,2204.,,,,,,,,,,
2291.,2218.,,,,,,,,,,
2292.,2236.,,,,,,,,,,
2293.,2265.,,,,,,,,,,
2294.,2280.,,,,,,,,,,
2295.,2289.,,,,,,,,,,
2296.,2300.,,,,,,,,,,
2297.,2322.,,,,,,,,,,
2298.,2342.,,,,,,,,,,
2299.,2358.,,,,,,,,,,
2300.,2386.,,,,,,,,,,
2301.,2402.,,,,,,,,,,
2302.,2415.,,,,,,,,,,
2303.,2428.,,,,,,,,,,
2304.,2449.,,,,,,,,,,
2305.,2468.,,,,,,,,,,
2306.,2479.,,,,,,,,,,
2307.,2494.,,,,,,,,,,
2308.,2507.,,,,,,,,,,
2309.,2524.,,,,,,,,,,
2310.,2532.,,,,,,,,,,
2311.,2541.,,,,,,,,,,
2312.,2542.,,,,,,,,,,
2313.,2547.,,,,,,,,,,
2314.,2548.,,,,,,,,,,
2315.,2559.,,,,,,,,,,
2316.,2554.,,,,,,,,,,
2317.,2556.,,,,,,,,,,
2318.,2557.,,,,,,,,,,
2319.,2557.,,,,,,,,,,
2320.,2559.,,,,,,,,,,
2321.,2561.,,,,,,,,,,
2322.,2561.,,,,,,,,,,
2323.,2561.,,,,,,,,,,
2324.,2560.,,,,,,,,,,
2325.,2560.,,,,,,,,,,
2326.,2559.,,,,,,,,,,
2327.,2557.,,,,,,,,,,
2328.,2556.,,,,,,,,,,
2329.,2554.,,,,,,,,,,
2330.,2554.,,,,,,,,,,
2331.,2553.,,,,,,,,,,
2332.,2552.,,,,,,,,,,
2333.,2550.,,,,,,,,,,
2334.,2550.,,,,,,,,,,
2335.,2547.,,,,,,,,,,
2336.,2546.,,,,,,,,,,
2337.,2543.,,,,,,,,,,
2338.,2541.,,,,,,,,,,
2339.,2538.,,,,,,,,,,
2340.,2535.,,,,,,,,,,
2341.,2534.,,,,,,,,,,
2342.,2530.,,,,,,,,,,
2343.,2528.,,,,,,,,,,
2344.,2521.,,,,,,,,,,
2345.,2534.,,,,,,,,,,
2346.,2520.,,,,,,,,,,
2347.,2513.,,,,,,,,,,
2348.,2507.,,,,,,,,,,
2349.,2508.,,,,,,,,,,
2350.,2492.,,,,,,,,,,
2351.,2489.,,,,,,,,,,
2352.,2484.,,,,,,,,,,
2353.,2477.,,,,,,,,,,
2354.,2473.,,,,,,,,,,
2355.,2470.,,,,,,,,,,
2356.,2466.,,,,,,,,,,
2357.,2457.,,,,,,,,,,
2358.,2449.,,,,,,,,,,
2359.,2433.,,,,,,,,,,
2360.,2429.,,,,,,,,,,
2361.,2426.,,,,,,,,,,
2362.,2421.,,,,,,,,,,
2363.,2417.,,,,,,,,,,
2364.,2411.,,,,,,,,,,
2365.,2410.,,,,,,,,,,
2366.,2404.,,,,,,,,,,
2367.,2398.,,,,,,,,,,
2368.,2393.,,,,,,,,,,
2369.,2388.,,,,,,,,,,
2370.,2382.,,,,,,,,,,
2371.,2365.,,,,,,,,,,
2372.,2367.,,,,,,,,,,
2373.,2358.,,,,,,,,,,
2374.,2349.,,,,,,,,,,
2375.,2343.,,,,,,,,,,
2376.,2338.,,,,,,,,,,
2377.,2329.,,,,,,,,,,
2378.,2322.,,,,,,,,,,
2379.,2320.,,,,,,,,,,
2380.,2310.,,,,,,,,,,
2381.,2304.,,,,,,,,,,
2382.,2301.,,,,,,,,,,
2383.,2297.,,,,,,,,,,
2384.,2294.,,,,,,,,,,
2385.,2291.,,,,,,,,,,
2386.,2288.,,,,,,,,,,
2387.,2284.,,,,,,,,,,
2388.,2282.,,,,,,,,,,
2389.,2279.,,,,,,,,,,
2390.,2275.,,,,,,,,,,
2391.,2271.,,,,,,,,,,
2392.,2272.,,,,,,,,,,
2393.,2264.,,,,,,,,,,
2394.,2260.,,,,,,,,,,
2395.,2250.,,,,,,,,,,
2396.,2244.,,,,,,,,,,
2397.,2240.,,,,,,,,,,
2398.,2237.,,,,,,,,,,
2399.,2231.,,,,,,,,,,
2400.,2225.,,,,,,,,,,
2401.,2220.,,,,,,,,,,
2402.,2220.,,,,,,,,,,
2403.,2216.,,,,,,,,,,
2404.,2245.,,,,,,,,,,
2405.,2222.,,,,,,,,,,
2406.,2218.,,,,,,,,,,
2407.,2216.,,,,,,,,,,
2408.,2214.,,,,,,,,,,
2409.,2210.,,,,,,,,,,
2410.,2209.,,,,,,,,,,
2411.,2203.,,,,,,,,,,
2412.,2198.,,,,,,,,,,
2413.,2197.,,,,,,,,,,
2414.,2191.,,,,,,,,,,
2415.,2189.,,,,,,,,,,
2416.,2186.,,,,,,,,,,
2417.,2178.,,,,,,,,,,
2418.,2177.,,,,,,,,,,
2419.,2176.,,,,,,,,,,
2420.,2172.,,,,,,,,,,
2421.,2171.,,,,,,,,,,
2422.,2167.,,,,,,,,,,
2423.,2168.,,,,,,,,,,
2424.,2167.,,,,,,,,,,
2425.,2166.,,,,,,,,,,
2426.,2165.,,,,,,,,,,
2427.,2163.,,,,,,,,,,
2428.,2163.,,,,,,,,,,
2429.,2162.,,,,,,,,,,
2430.,2160.,,,,,,,,,,
2431.,2158.,,,,,,,,,,
2432.,2155.,,,,,,,,,,
2433.,2156.,,,,,,,,,,
2434.,2157.,,,,,,,,,,
2435.,2156.,,,,,,,,,,
2436.,2152.,,,,,,,,,,
2437.,2155.,,,,,,,,,,
2438.,2158.,,,,,,,,,,
2439.,2160.,,,,,,,,,,
2440.,2157.,,,,,,,,,,
2441.,2157.,,,,,,,,,,
2442.,2155.,,,,,,,,,,
2443.,2155.,,,,,,,,,,
2444.,2154.,,,,,,,,,,
2445.,2155.,,,,,,,,,,
2446.,2155.,,,,,,,,,,
2447.,2154.,,,,,,,,,,
2448.,2153.,,,,,,,,,,
2449.,2155.,,,,,,,,,,
2450.,2154.,,,,,,,,,,
2451.,2155.,,,,,,,,,,
2452.,2153.,,,,,,,,,,
2453.,2155.,,,,,,,,,,
2454.,2153.,,,,,,,,,,
2455.,2153.,,,,,,,,,,
2456.,2154.,,,,,,,,,,
2457.,2152.,,,,,,,,,,
2458.,2152.,,,,,,,,,,
2459.,2152.,,,,,,,,,,
2460.,2154.,,,,,,,,,,
2461.,2152.,,,,,,,,,,
2462.,2153.,,,,,,,,,,
2463.,2152.,,,,,,,,,,
2464.,2153.,,,,,,,,,,
2465.,2154.,,,,,,,,,,
2466.,2156.,,,,,,,,,,
2467.,2157.,,,,,,,,,,
2468.,2157.,,,,,,,,,,
2469.,2157.,,,,,,,,,,
2470.,2160.,,,,,,,,,,
2471.,2159.,,,,,,,,,,
2472.,2157.,,,,,,,,,,
2473.,2157.,,,,,,,,,,
2474.,2158.,,,,,,,,,,
2475.,2160.,,,,,,,,,,
2476.,2160.,,,,,,,,,,
2477.,2159.,,,,,,,,,,
2478.,2158.,,,,,,,,,,
2479.,2159.,,,,,,,,,,
2480.,2157.,,,,,,,,,,
2481.,2157.,,,,,,,,,,
2482.,2157.,,,,,,,,,,
2483.,2157.,,,,,,,,,,
2484.,2156.,,,,,,,,,,
2485.,2156.,,,,,,,,,,
2486.,2157.,,,,,,,,,,
2487.,2156.,,,,,,,,,,
2488.,2155.,,,,,,,,,,
2489.,2156.,,,,,,,,,,
2490.,2157.,,,,,,,,,,
2491.,2155.,,,,,,,,,,
2492.,2158.,,,,,,,,,,
2493.,2156.,,,,,,,,,,
2494.,2157.,,,,,,,,,,
2495.,2155.,,,,,,,,,,
2496.,2157.,,,,,,,,,,
2497.,2155.,,,,,,,,,,
2498.,2156.,,,,,,,,,,
2499.,2155.,,,,,,,,,,
2500.,2157.,,,,,,,,,,
2501.,2159.,,,,,,,,,,
2502.,2162.,,,,,,,,,,
2503.,2160.,,,,,,,,,,
2504.,2160.,,,,,,,,,,
2505.,2160.,,,,,,,,,,
2506.,2161.,,,,,,,,,,
2507.,2161.,,,,,,,,,,
2508.,2160.,,,,,,,,,,
2509.,2160.,,,,,,,,,,
2510.,2158.,,,,,,,,,,
2511.,2157.,,,,,,,,,,
2512.,2159.,,,,,,,,,,
2513.,2156.,,,,,,,,,,
2514.,2157.,,,,,,,,,,
2515.,2156.,,,,,,,,,,
2516.,2155.,,,,,,,,,,
2517.,2153.,,,,,,,,,,
2518.,2157.,,,,,,,,,,
2519.,2155.,,,,,,,,,,
2520.,2155.,,,,,,,,,,
2521.,2156.,,,,,,,,,,
2522.,2155.,,,,,,,,,,
2523.,2154.,,,,,,,,,,
2524.,2153.,,,,,,,,,,
2525.,2154.,,,,,,,,,,
2526.,2152.,,,,,,,,,,
2527.,2153.,,,,,,,,,,
2528.,2153.,,,,,,,,,,
2529.,2151.,,,,,,,,,,
2530.,2151.,,,,,,,,,,
2531.,2152.,,,,,,,,,,
2532.,2151.,,,,,,,,,,
2533.,2151.,,,,,,,,,,
2534.,2152.,,,,,,,,,,
2535.,2151.,,,,,,,,,,
2536.,2149.,,,,,,,,,,
2537.,2150.,,,,,,,,,,
2538.,2151.,,,,,,,,,,
2539.,2148.,,,,,,,,,,
2540.,2150.,,,,,,,,,,
2541.,2149.,,,,,,,,,,
2542.,2149.,,,,,,,,,,
2543.,2148.,,,,,,,,,,
2544.,2146.,,,,,,,,,,
2545.,2147.,,,,,,,,,,
2546.,2149.,,,,,,,,,,
2547.,2145.,,,,,,,,,,
2548.,2146.,,,,,,,,,,
2549.,2148.,,,,,,,,,,
2550.,2149.,,,,,,,,,,
2551.,2145.,,,,,,,,,,
2552.,2145.,,,,,,,,,,
2553.,2144.,,,,,,,,,,
2554.,2144.,,,,,,,,,,
2555.,2147.,,,,,,,,,,
2556.,2145.,,,,,,,,,,
2557.,2142.,,,,,,,,,,
2558.,2145.,,,,,,,,,,
2559.,2142.,,,,,,,,,,
2560.,2144.,,,,,,,,,,
2561.,2143.,,,,,,,,,,
2562.,2145.,,,,,,,,,,
2563.,2144.,,,,,,,,,,
2564.,2145.,,,,,,,,,,
2565.,2144.,,,,,,,,,,
2566.,2143.,,,,,,,,,,
2567.,2140.,,,,,,,,,,
2568.,2141.,,,,,,,,,,
2569.,2143.,,,,,,,,,,
2570.,2140.,,,,,,,,,,
2571.,2142.,,,,,,,,,,
2572.,2142.,,,,,,,,,,
2573.,2142.,,,,,,,,,,
2574.,2144.,,,,,,,,,,
2575.,2143.,,,,,,,,,,
2576.,2144.,,,,,,,,,,
2577.,2144.,,,,,,,,,,
2578.,2145.,,,,,,,,,,
2579.,2145.,,,,,,,,,,
2580.,2145.,,,,,,,,,,
2581.,2145.,,,,,,,,,,
2582.,2145.,,,,,,,,,,
2583.,2145.,,,,,,,,,,
2584.,2147.,,,,,,,,,,
2585.,2147.,,,,,,,,,,
2586.,2149.,,,,,,,,,,
2587.,2150.,,,,,,,,,,
2588.,2151.,,,,,,,,,,
2589.,2151.,,,,,,,,,,
2590.,2153.,,,,,,,,,,
2591.,2153.,,,,,,,,,,
2592.,2158.,,,,,,,,,,
2593.,2155.,,,,,,,,,,
2594.,2158.,,,,,,,,,,
2595.,2161.,,,,,,,,,,
2596.,2161.,,,,,,,,,,
2597.,2165.,,,,,,,,,,
2598.,2166.,,,,,,,,,,
2599.,2168.,,,,,,,,,,
2600.,2173.,,,,,,,,,,
2601.,2175.,,,,,,,,,,
2602.,2180.,,,,,,,,,,
2603.,2185.,,,,,,,,,,
2604.,2189.,,,,,,,,,,
2605.,2195.,,,,,,,,,,
2606.,2198.,,,,,,,,,,
2607.,2202.,,,,,,,,,,
2608.,2206.,,,,,,,,,,
2609.,2181.,,,,,,,,,,
2610.,2215.,,,,,,,,,,
2611.,2219.,,,,,,,,,,
2612.,2222.,,,,,,,,,,
2613.,2231.,,,,,,,,,,
2614.,2239.,,,,,,,,,,
2615.,2244.,,,,,,,,,,
2616.,2254.,,,,,,,,,,
2617.,2260.,,,,,,,,,,
2618.,2266.,,,,,,,,,,
2619.,2271.,,,,,,,,,,
2620.,2277.,,,,,,,,,,
2621.,2281.,,,,,,,,,,
2622.,2284.,,,,,,,,,,
2623.,2290.,,,,,,,,,,
2624.,2293.,,,,,,,,,,
2625.,2296.,,,,,,,,,,
2626.,2301.,,,,,,,,,,
2627.,2308.,,,,,,,,,,
2628.,2319.,,,,,,,,,,
2629.,2332.,,,,,,,,,,
2630.,2338.,,,,,,,,,,
2631.,2348.,,,,,,,,,,
2632.,2361.,,,,,,,,,,
2633.,2370.,,,,,,,,,,
2634.,2384.,,,,,,,,,,
2635.,2392.,,,,,,,,,,
2636.,2401.,,,,,,,,,,
2637.,2410.,,,,,,,,,,
2638.,2415.,,,,,,,,,,
2639.,2423.,,,,,,,,,,
2640.,2437.,,,,,,,,,,
2641.,2451.,,,,,,,,,,
2642.,2463.,,,,,,,,,,
2643.,2473.,,,,,,,,,,
2644.,2485.,,,,,,,,,,
2645.,2491.,,,,,,,,,,
2646.,2513.,,,,,,,,,,
2647.,2522.,,,,,,,,,,
2648.,2528.,,,,,,,,,,
2649.,2520.,,,,,,,,,,
2650.,2501.,,,,,,,,,,
2651.,2513.,,,,,,,,,,
2652.,2522.,,,,,,,,,,
2653.,2528.,,,,,,,,,,
2654.,2536.,,,,,,,,,,
2655.,2541.,,,,,,,,,,
2656.,2545.,,,,,,,,,,
2657.,2547.,,,,,,,,,,
2658.,2550.,,,,,,,,,,
2659.,2552.,,,,,,,,,,
2660.,2555.,,,,,,,,,,
2661.,2557.,,,,,,,,,,
2662.,2560.,,,,,,,,,,
2663.,2565.,,,,,,,,,,
2664.,2574.,,,,,,,,,,
2665.,2580.,,,,,,,,,,
2666.,2585.,,,,,,,,,,
2667.,2592.,,,,,,,,,,
2668.,2596.,,,,,,,,,,
2669.,2600.,,,,,,,,,,
2670.,2609.,,,,,,,,,,
2671.,2610.,,,,,,,,,,
2672.,2614.,,,,,,,,,,
2673.,2623.,,,,,,,,,,
2674.,2629.,,,,,,,,,,
2675.,2637.,,,,,,,,,,
2676.,2644.,,,,,,,,,,
2677.,2646.,,,,,,,,,,
2678.,2651.,,,,,,,,,,
2679.,2652.,,,,,,,,,,
2680.,2656.,,,,,,,,,,
2681.,2660.,,,,,,,,,,
2682.,2664.,,,,,,,,,,
2683.,2667.,,,,,,,,,,
2684.,2671.,,,,,,,,,,
2685.,2670.,,,,,,,,,,
2686.,2676.,,,,,,,,,,
2687.,2677.,,,,,,,,,,
2688.,2679.,,,,,,,,,,
2689.,2684.,,,,,,,,,,
2690.,2687.,,,,,,,,,,
2691.,2692.,,,,,,,,,,
2692.,2698.,,,,,,,,,,
2693.,2701.,,,,,,,,,,
2694.,2708.,,,,,,,,,,
2695.,2716.,,,,,,,,,,
2696.,2720.,,,,,,,,,,
2697.,2723.,,,,,,,,,,
2698.,2724.,,,,,,,,,,
2699.,2728.,,,,,,,,,,
2700.,2730.,,,,,,,,,,
2700.,2768.,,,,,,,,,,
