-12dB.csv_x,-12dB.csv_y,-3dB.csv_x,-3dB.csv_y,-6dB.csv_x,-6dB.csv_y,match.csv_x,match.csv_y,short.csv_x,short.csv_y,x0005,y0005,5_x,5_y,6_x,6_y,7_x,7_y,8_x,8_y,9_x,9_y
27.,3619.,27.,2844.,27.,3231.,27.,3721.,27.,2194.,750.,2000.,30.,1529.,30.,3119.,30.,2163.,30.,2540.,30.,2972.
37.,3596.,37.,2684.,37.,3136.,37.,3717.,37.,1960.,,,40.,1408.,40.,3119.,40.,2067.,40.,2475.,40.,2954.
47.,3577.,47.,2626.,47.,3094.,47.,3718.,47.,1862.,,,50.,1354.,50.,3120.,50.,2028.,50.,2451.,50.,2953.
57.,3574.,57.,2583.,57.,3065.,57.,3714.,57.,1804.,,,60.,1311.,60.,3121.,60.,1991.,60.,2430.,60.,2955.
67.,3566.,67.,2526.,67.,3025.,67.,3710.,67.,1719.,,,70.,1273.,70.,3120.,70.,1964.,70.,2412.,70.,2940.
77.,3562.,77.,2490.,77.,3008.,77.,3707.,77.,1650.,,,80.,1245.,80.,3113.,80.,1950.,80.,2397.,80.,2942.
87.,3551.,87.,2469.,87.,2989.,87.,3705.,87.,1619.,,,90.,1232.,90.,3116.,90.,1931.,90.,2387.,90.,2935.
97.,3550.,97.,2456.,97.,2983.,97.,3705.,97.,1602.,,,100.,1228.,100.,3113.,100.,1936.,100.,2395.,100.,2940.
107.,3554.,107.,2430.,107.,2977.,107.,3705.,107.,1560.,,,110.,1214.,110.,3119.,110.,1936.,110.,2393.,110.,2942.
117.,3544.,117.,2395.,117.,2950.,117.,3704.,117.,1487.,,,120.,1170.,120.,3110.,120.,1911.,120.,2382.,120.,2935.
127.,3537.,127.,2373.,127.,2937.,127.,3698.,127.,1451.,,,130.,1154.,130.,3113.,130.,1896.,130.,2375.,130.,2935.
137.,3538.,137.,2350.,137.,2930.,137.,3692.,137.,1417.,,,140.,1129.,140.,3111.,140.,1891.,140.,2369.,140.,2933.
147.,3530.,147.,2292.,147.,2903.,147.,3696.,147.,1349.,,,150.,1116.,150.,3106.,150.,1880.,150.,2361.,150.,2931.
157.,3519.,157.,2301.,157.,2892.,157.,3693.,157.,1325.,,,160.,1096.,160.,3105.,160.,1872.,160.,2357.,160.,2929.
167.,3515.,167.,2254.,167.,2860.,167.,3685.,167.,1250.,,,170.,1072.,170.,3100.,170.,1862.,170.,2357.,170.,2931.
177.,3499.,177.,2215.,177.,2843.,177.,3676.,177.,1196.,,,180.,1030.,180.,3105.,180.,1849.,180.,2349.,180.,2930.
187.,3500.,187.,2233.,187.,2855.,187.,3679.,187.,1203.,,,190.,1026.,190.,3103.,190.,1864.,190.,2364.,190.,2932.
197.,3495.,197.,2263.,197.,2855.,197.,3678.,197.,1270.,,,200.,1017.,200.,3103.,200.,1852.,200.,2359.,200.,2933.
207.,3431.,207.,2231.,207.,2794.,207.,3671.,207.,1338.,,,210.,1007.,210.,3101.,210.,1850.,210.,2362.,210.,2934.
217.,3394.,217.,2211.,217.,2760.,217.,3669.,217.,1341.,,,220.,1012.,220.,3096.,220.,1851.,220.,2364.,220.,2932.
227.,3399.,227.,2230.,227.,2774.,227.,3672.,227.,1392.,,,230.,1007.,230.,3099.,230.,1847.,230.,2359.,230.,2932.
237.,3395.,237.,2231.,237.,2777.,237.,3659.,237.,1385.,,,240.,1012.,240.,3100.,240.,1845.,240.,2355.,240.,2933.
247.,3392.,247.,2256.,247.,2755.,247.,3658.,247.,1440.,,,250.,1019.,250.,3096.,250.,1843.,250.,2355.,250.,2931.
257.,3391.,257.,2259.,257.,2785.,257.,3659.,257.,1453.,,,260.,1029.,260.,3089.,260.,1844.,260.,2355.,260.,2934.
267.,3388.,267.,2274.,267.,2780.,267.,3665.,267.,1471.,,,270.,1042.,270.,3093.,270.,1845.,270.,2348.,270.,2930.
277.,3378.,277.,2283.,277.,2776.,277.,3664.,277.,1520.,,,280.,1026.,280.,3090.,280.,1840.,280.,2351.,280.,2932.
287.,3383.,287.,2327.,287.,2801.,287.,3665.,287.,1623.,,,290.,1022.,290.,3085.,290.,1835.,290.,2350.,290.,2931.
297.,3389.,297.,2374.,297.,2823.,297.,3659.,297.,1685.,,,300.,1012.,300.,3083.,300.,1837.,300.,2353.,300.,2936.
307.,3393.,307.,2405.,307.,2837.,307.,3653.,307.,1753.,,,310.,993.,310.,3084.,310.,1838.,310.,2350.,310.,2932.
317.,3387.,317.,2390.,317.,2824.,317.,3654.,317.,1754.,,,320.,992.,320.,3082.,320.,1824.,320.,2345.,320.,2930.
327.,3378.,327.,2396.,327.,2823.,327.,3648.,327.,1753.,,,330.,953.,330.,3083.,330.,1798.,330.,2335.,330.,2928.
337.,3385.,337.,2424.,337.,2842.,337.,3643.,337.,1795.,,,340.,916.,340.,3077.,340.,1780.,340.,2316.,340.,2924.
347.,3388.,347.,2458.,347.,2865.,347.,3639.,347.,1842.,,,350.,871.,350.,3073.,350.,1758.,350.,2301.,350.,2919.
357.,3381.,357.,2443.,357.,2856.,357.,3636.,357.,1845.,,,360.,835.,360.,3071.,360.,1733.,360.,2294.,360.,2912.
367.,3366.,367.,2407.,367.,2819.,367.,3634.,367.,1812.,,,370.,797.,370.,3071.,370.,1719.,370.,2284.,370.,2910.
377.,3354.,377.,2417.,377.,2814.,377.,3633.,377.,1864.,,,380.,822.,380.,3068.,380.,1735.,380.,2297.,380.,2914.
387.,3349.,387.,2428.,387.,2815.,387.,3635.,387.,1896.,,,390.,817.,390.,3070.,390.,1731.,390.,2295.,390.,2914.
397.,3380.,397.,2468.,397.,2855.,397.,3634.,397.,1913.,,,400.,800.,400.,3069.,400.,1718.,400.,2296.,400.,2917.
407.,3447.,407.,2528.,407.,2937.,407.,3633.,407.,1926.,,,410.,795.,410.,3067.,410.,1727.,410.,2300.,410.,2921.
417.,3530.,417.,2600.,417.,3058.,417.,3636.,417.,1893.,,,420.,782.,420.,3068.,420.,1746.,420.,2308.,420.,2927.
427.,3574.,427.,2659.,427.,3128.,427.,3634.,427.,1849.,,,430.,790.,430.,3069.,430.,1752.,430.,2321.,430.,2932.
437.,3580.,437.,2624.,437.,3125.,437.,3632.,437.,1754.,,,440.,773.,440.,3069.,440.,1754.,440.,2328.,440.,2934.
447.,3576.,447.,2599.,447.,3101.,447.,3632.,447.,1693.,,,450.,771.,450.,3071.,450.,1754.,450.,2331.,450.,2939.
457.,3570.,457.,2572.,457.,3075.,457.,3635.,457.,1730.,,,460.,740.,460.,3072.,460.,1732.,460.,2316.,460.,2941.
467.,3571.,467.,2550.,467.,3060.,467.,3643.,467.,1756.,,,470.,705.,470.,3070.,470.,1718.,470.,2313.,470.,2941.
477.,3574.,477.,2542.,477.,3058.,477.,3651.,477.,1732.,,,480.,658.,480.,3069.,480.,1695.,480.,2302.,480.,2937.
487.,3576.,487.,2506.,487.,3050.,487.,3656.,487.,1641.,,,490.,603.,490.,3067.,490.,1660.,490.,2292.,490.,2936.
497.,3575.,497.,2460.,497.,3032.,497.,3647.,497.,1530.,,,500.,517.,500.,3065.,500.,1619.,500.,2278.,500.,2930.
507.,3570.,507.,2412.,507.,3010.,507.,3635.,507.,1403.,,,510.,441.,510.,3063.,510.,1575.,510.,2258.,510.,2927.
517.,3557.,517.,2330.,517.,2975.,517.,3626.,517.,1261.,,,520.,333.,520.,3063.,520.,1535.,520.,2240.,520.,2915.
527.,3542.,527.,2260.,527.,2922.,527.,3618.,527.,1050.,,,530.,250.,530.,3063.,530.,1518.,530.,2225.,530.,2915.
537.,3534.,537.,2238.,537.,2932.,537.,3605.,537.,940.,,,540.,167.,540.,3063.,540.,1496.,540.,2218.,540.,2915.
547.,3526.,547.,2238.,547.,2929.,547.,3597.,547.,966.,,,550.,102.,550.,3061.,550.,1469.,550.,2206.,550.,2915.
557.,3523.,557.,2248.,557.,2934.,557.,3591.,557.,986.,,,560.,69.,560.,3058.,560.,1451.,560.,2201.,560.,2916.
567.,3527.,567.,2286.,567.,2954.,567.,3588.,567.,1019.,,,570.,45.,570.,3057.,570.,1455.,570.,2205.,570.,2916.
577.,3517.,577.,2291.,577.,2949.,577.,3585.,577.,1022.,,,580.,22.,580.,3058.,580.,1456.,580.,2204.,580.,2915.
587.,3487.,587.,2291.,587.,2923.,587.,3577.,587.,1066.,,,590.,42.,590.,3054.,590.,1461.,590.,2203.,590.,2915.
597.,3433.,597.,2276.,597.,2855.,597.,3571.,597.,1199.,,,600.,49.,600.,3052.,600.,1468.,600.,2206.,600.,2915.
607.,3362.,607.,2237.,607.,2782.,607.,3568.,607.,1342.,,,610.,71.,610.,3048.,610.,1473.,610.,2212.,610.,2917.
617.,3308.,617.,2217.,617.,2717.,617.,3563.,617.,1458.,,,620.,111.,620.,3044.,620.,1488.,620.,2223.,620.,2922.
627.,3259.,627.,2197.,627.,2669.,627.,3563.,627.,1512.,,,630.,136.,630.,3043.,630.,1500.,630.,2229.,630.,2926.
637.,3217.,637.,2160.,637.,2631.,637.,3563.,637.,1484.,,,640.,180.,640.,3043.,640.,1510.,640.,2239.,640.,2928.
647.,3193.,647.,2165.,647.,2613.,647.,3562.,647.,1484.,,,650.,222.,650.,3040.,650.,1515.,650.,2252.,650.,2929.
657.,3193.,657.,2211.,657.,2631.,657.,3562.,657.,1587.,,,660.,240.,660.,3041.,660.,1521.,660.,2265.,660.,2933.
667.,3209.,667.,2286.,667.,2679.,667.,3562.,667.,1708.,,,670.,269.,670.,3039.,670.,1529.,670.,2277.,670.,2933.
677.,3234.,677.,2335.,677.,2724.,677.,3562.,677.,1788.,,,680.,291.,680.,3042.,680.,1555.,680.,2289.,680.,2937.
687.,3260.,687.,2380.,687.,2779.,687.,3560.,687.,1796.,,,690.,332.,690.,3041.,690.,1592.,690.,2297.,690.,2945.
697.,3288.,697.,2444.,697.,2816.,697.,3558.,697.,1796.,,,700.,378.,700.,3048.,700.,1640.,700.,2312.,700.,2956.
707.,3285.,707.,2487.,707.,2841.,707.,3555.,707.,1839.,,,710.,435.,710.,3049.,710.,1662.,710.,2338.,710.,2961.
717.,3281.,717.,2462.,717.,2818.,717.,3548.,717.,1893.,,,720.,491.,720.,3053.,720.,1678.,720.,2350.,720.,2966.
727.,3258.,727.,2407.,727.,2787.,727.,3547.,727.,1875.,,,730.,509.,730.,3051.,730.,1697.,730.,2357.,730.,2970.
737.,3238.,737.,2348.,737.,2735.,737.,3548.,737.,1831.,,,740.,550.,740.,3051.,740.,1706.,740.,2363.,740.,2971.
747.,3214.,747.,2294.,747.,2688.,747.,3548.,747.,1776.,,,750.,571.,750.,3050.,750.,1712.,750.,2363.,750.,2972.
757.,3205.,757.,2277.,757.,2670.,757.,3557.,757.,1746.,,,760.,622.,760.,3048.,760.,1748.,760.,2378.,760.,2968.
767.,3196.,767.,2222.,767.,2636.,767.,3560.,767.,1659.,,,770.,633.,770.,3048.,770.,1743.,770.,2378.,770.,2968.
777.,3200.,777.,2195.,777.,2626.,777.,3562.,777.,1588.,,,780.,658.,780.,3043.,780.,1761.,780.,2376.,780.,2962.
787.,3231.,787.,2198.,787.,2652.,787.,3567.,787.,1537.,,,790.,688.,790.,3039.,790.,1772.,790.,2382.,790.,2959.
797.,3274.,797.,2221.,797.,2687.,797.,3571.,797.,1515.,,,800.,701.,800.,3036.,800.,1778.,800.,2383.,800.,2958.
807.,3325.,807.,2284.,807.,2777.,807.,3577.,807.,1497.,,,810.,738.,810.,3038.,810.,1783.,810.,2386.,810.,2951.
817.,3391.,817.,2337.,817.,2847.,817.,3580.,817.,1477.,,,820.,761.,820.,3040.,820.,1782.,820.,2374.,820.,2948.
827.,3455.,827.,2411.,827.,2938.,827.,3580.,827.,1485.,,,830.,762.,830.,3033.,830.,1780.,830.,2364.,830.,2937.
837.,3519.,837.,2473.,837.,3038.,837.,3578.,837.,1437.,,,840.,777.,840.,3037.,840.,1773.,840.,2348.,840.,2929.
847.,3567.,847.,2502.,847.,3083.,847.,3574.,847.,1345.,,,850.,776.,850.,3027.,850.,1754.,850.,2330.,850.,2919.
857.,3581.,857.,2479.,857.,3114.,857.,3572.,857.,1270.,,,860.,794.,860.,3027.,860.,1755.,860.,2306.,860.,2900.
867.,3584.,867.,2422.,867.,3103.,867.,3566.,867.,1178.,,,870.,799.,870.,3018.,870.,1732.,870.,2295.,870.,2884.
877.,3582.,877.,2379.,877.,3080.,877.,3563.,877.,1066.,,,880.,812.,880.,3017.,880.,1719.,880.,2282.,880.,2865.
887.,3578.,887.,2361.,887.,3070.,887.,3556.,887.,994.,,,890.,826.,890.,3008.,890.,1708.,890.,2261.,890.,2847.
897.,3575.,897.,2399.,897.,3071.,897.,3552.,897.,1039.,,,900.,832.,900.,3002.,900.,1694.,900.,2235.,900.,2831.
907.,3575.,907.,2431.,907.,3076.,907.,3552.,907.,1144.,,,910.,820.,910.,3000.,910.,1671.,910.,2215.,910.,2812.
917.,3575.,917.,2468.,917.,3083.,917.,3553.,917.,1235.,,,920.,821.,920.,2994.,920.,1648.,920.,2184.,920.,2797.
927.,3577.,927.,2481.,927.,3086.,927.,3558.,927.,1292.,,,930.,818.,930.,2993.,930.,1627.,930.,2165.,930.,2782.
937.,3582.,937.,2512.,937.,3110.,937.,3562.,937.,1366.,,,940.,807.,940.,2990.,940.,1597.,940.,2147.,940.,2765.
947.,3580.,947.,2526.,947.,3120.,947.,3568.,947.,1418.,,,950.,766.,950.,2993.,950.,1563.,950.,2124.,950.,2743.
957.,3590.,957.,2533.,957.,3117.,957.,3571.,957.,1432.,,,960.,745.,960.,2995.,960.,1545.,960.,2093.,960.,2730.
967.,3580.,967.,2523.,967.,3099.,967.,3571.,967.,1460.,,,970.,701.,970.,2994.,970.,1528.,970.,2072.,970.,2719.
977.,3556.,977.,2484.,977.,3058.,977.,3567.,977.,1500.,,,980.,681.,980.,2992.,980.,1513.,980.,2047.,980.,2707.
987.,3491.,987.,2425.,987.,2985.,987.,3563.,987.,1515.,,,990.,640.,990.,2989.,990.,1481.,990.,2032.,990.,2685.
997.,3421.,997.,2350.,997.,2892.,997.,3551.,997.,1519.,,,1000.,598.,1000.,2986.,1000.,1444.,1000.,1995.,1000.,2676.
1007.,3340.,1007.,2276.,1007.,2798.,1007.,3527.,1007.,1502.,,,1010.,551.,1010.,2981.,1010.,1402.,1010.,1966.,1010.,2664.
1017.,3275.,1017.,2176.,1017.,2689.,1017.,3508.,1017.,1453.,,,1020.,499.,1020.,2976.,1020.,1364.,1020.,1930.,1020.,2645.
1027.,3195.,1027.,2098.,1027.,2605.,1027.,3492.,1027.,1394.,,,1030.,418.,1030.,2967.,1030.,1313.,1030.,1903.,1030.,2624.
1037.,3131.,1037.,2038.,1037.,2545.,1037.,3472.,1037.,1338.,,,1040.,335.,1040.,2959.,1040.,1266.,1040.,1868.,1040.,2606.
1047.,3072.,1047.,1973.,1047.,2477.,1047.,3450.,1047.,1279.,,,1050.,249.,1050.,2950.,1050.,1237.,1050.,1836.,1050.,2586.
1057.,3036.,1057.,1906.,1057.,2414.,1057.,3439.,1057.,1221.,,,1060.,186.,1060.,2945.,1060.,1191.,1060.,1804.,1060.,2563.
1067.,2982.,1067.,1841.,1067.,2350.,1067.,3426.,1067.,1146.,,,1070.,129.,1070.,2937.,1070.,1166.,1070.,1784.,1070.,2554.
1077.,2940.,1077.,1789.,1077.,2300.,1077.,3412.,1077.,1096.,,,1080.,94.,1080.,2933.,1080.,1142.,1080.,1769.,1080.,2546.
1087.,2917.,1087.,1774.,1087.,2278.,1087.,3398.,1087.,1064.,,,1090.,86.,1090.,2929.,1090.,1136.,1090.,1753.,1090.,2538.
1097.,2896.,1097.,1778.,1097.,2259.,1097.,3393.,1097.,1079.,,,1100.,98.,1100.,2922.,1100.,1125.,1100.,1743.,1100.,2525.
1107.,2874.,1107.,1782.,1107.,2237.,1107.,3384.,1107.,1136.,,,1110.,105.,1110.,2921.,1110.,1120.,1110.,1736.,1110.,2516.
1117.,2860.,1117.,1775.,1117.,2213.,1117.,3374.,1117.,1188.,,,1120.,124.,1120.,2915.,1120.,1113.,1120.,1729.,1120.,2504.
1127.,2844.,1127.,1737.,1127.,2178.,1127.,3368.,1127.,1184.,,,1130.,150.,1130.,2911.,1130.,1104.,1130.,1717.,1130.,2491.
1137.,2822.,1137.,1703.,1137.,2159.,1137.,3364.,1137.,1143.,,,1140.,169.,1140.,2909.,1140.,1105.,1140.,1717.,1140.,2484.
1147.,2816.,1147.,1681.,1147.,2144.,1147.,3359.,1147.,1107.,,,1150.,181.,1150.,2905.,1150.,1094.,1150.,1712.,1150.,2480.
1157.,2814.,1157.,1679.,1157.,2145.,1157.,3353.,1157.,1082.,,,1160.,210.,1160.,2907.,1160.,1101.,1160.,1715.,1160.,2475.
1167.,2831.,1167.,1696.,1167.,2158.,1167.,3352.,1167.,1084.,,,1170.,213.,1170.,2906.,1170.,1095.,1170.,1715.,1170.,2469.
1177.,2861.,1177.,1721.,1177.,2197.,1177.,3350.,1177.,1096.,,,1180.,247.,1180.,2909.,1180.,1111.,1180.,1720.,1180.,2462.
1187.,2906.,1187.,1772.,1187.,2250.,1187.,3350.,1187.,1107.,,,1190.,255.,1190.,2907.,1190.,1120.,1190.,1719.,1190.,2460.
1197.,2949.,1197.,1822.,1197.,2298.,1197.,3349.,1197.,1148.,,,1200.,277.,1200.,2910.,1200.,1125.,1200.,1714.,1200.,2455.
1207.,3010.,1207.,1875.,1207.,2360.,1207.,3349.,1207.,1205.,,,1210.,285.,1210.,2909.,1210.,1129.,1210.,1708.,1210.,2448.
1217.,3066.,1217.,1906.,1217.,2426.,1217.,3349.,1217.,1198.,,,1220.,294.,1220.,2906.,1220.,1128.,1220.,1697.,1220.,2440.
1227.,3137.,1227.,1947.,1227.,2511.,1227.,3350.,1227.,1137.,,,1230.,298.,1230.,2906.,1230.,1121.,1230.,1691.,1230.,2434.
1237.,3217.,1237.,1995.,1237.,2592.,1237.,3352.,1237.,1061.,,,1240.,297.,1240.,2905.,1240.,1126.,1240.,1684.,1240.,2430.
1247.,3308.,1247.,2044.,1247.,2699.,1247.,3358.,1247.,990.,,,1250.,314.,1250.,2904.,1250.,1125.,1250.,1684.,1250.,2432.
1257.,3378.,1257.,2117.,1257.,2814.,1257.,3363.,1257.,923.,,,1260.,338.,1260.,2902.,1260.,1140.,1260.,1686.,1260.,2433.
1267.,3454.,1267.,2206.,1267.,2940.,1267.,3370.,1267.,868.,,,1270.,358.,1270.,2906.,1270.,1152.,1270.,1694.,1270.,2433.
1277.,3527.,1277.,2291.,1277.,3062.,1277.,3373.,1277.,831.,,,1280.,369.,1280.,2907.,1280.,1159.,1280.,1688.,1280.,2430.
1287.,3577.,1287.,2356.,1287.,3157.,1287.,3381.,1287.,813.,,,1290.,387.,1290.,2908.,1290.,1170.,1290.,1690.,1290.,2428.
1297.,3617.,1297.,2411.,1297.,3244.,1297.,3387.,1297.,767.,,,1300.,423.,1300.,2906.,1300.,1179.,1300.,1692.,1300.,2425.
1307.,3650.,1307.,2434.,1307.,3300.,1307.,3397.,1307.,732.,,,1310.,462.,1310.,2908.,1310.,1196.,1310.,1696.,1310.,2421.
1317.,3676.,1317.,2429.,1317.,3317.,1317.,3408.,1317.,661.,,,1320.,500.,1320.,2905.,1320.,1215.,1320.,1699.,1320.,2421.
1327.,3664.,1327.,2407.,1327.,3306.,1327.,3416.,1327.,621.,,,1330.,507.,1330.,2917.,1330.,1228.,1330.,1709.,1330.,2435.
1337.,3656.,1337.,2370.,1337.,3271.,1337.,3417.,1337.,523.,,,1340.,546.,1340.,2917.,1340.,1245.,1340.,1717.,1340.,2435.
1347.,3638.,1347.,2349.,1347.,3224.,1347.,3423.,1347.,504.,,,1350.,592.,1350.,2917.,1350.,1262.,1350.,1718.,1350.,2436.
1357.,3619.,1357.,2355.,1357.,3181.,1357.,3426.,1357.,576.,,,1360.,618.,1360.,2920.,1360.,1273.,1360.,1725.,1360.,2433.
1367.,3588.,1367.,2382.,1367.,3131.,1367.,3434.,1367.,738.,,,1370.,671.,1370.,2918.,1370.,1282.,1370.,1731.,1370.,2434.
1377.,3568.,1377.,2417.,1377.,3084.,1377.,3440.,1377.,957.,,,1380.,695.,1380.,2920.,1380.,1295.,1380.,1743.,1380.,2434.
1387.,3528.,1387.,2439.,1387.,3056.,1387.,3446.,1387.,1181.,,,1390.,736.,1390.,2922.,1390.,1311.,1390.,1752.,1390.,2439.
1397.,3490.,1397.,2461.,1397.,3017.,1397.,3455.,1397.,1380.,,,1400.,753.,1400.,2920.,1400.,1308.,1400.,1754.,1400.,2440.
1407.,3441.,1407.,2465.,1407.,2969.,1407.,3463.,1407.,1534.,,,1410.,768.,1410.,2925.,1410.,1316.,1410.,1757.,1410.,2442.
1417.,3395.,1417.,2456.,1417.,2921.,1417.,3474.,1417.,1660.,,,1420.,782.,1420.,2925.,1420.,1316.,1420.,1762.,1420.,2444.
1427.,3345.,1427.,2429.,1427.,2866.,1427.,3480.,1427.,1757.,,,1430.,779.,1430.,2928.,1430.,1312.,1430.,1765.,1430.,2447.
1437.,3310.,1437.,2403.,1437.,2812.,1437.,3484.,1437.,1794.,,,1440.,782.,1440.,2926.,1440.,1311.,1440.,1764.,1440.,2448.
1447.,3259.,1447.,2358.,1447.,2765.,1447.,3486.,1447.,1823.,,,1450.,775.,1450.,2927.,1450.,1301.,1450.,1762.,1450.,2447.
1457.,3213.,1457.,2310.,1457.,2708.,1457.,3482.,1457.,1819.,,,1460.,758.,1460.,2925.,1460.,1287.,1460.,1756.,1460.,2442.
1467.,3171.,1467.,2272.,1467.,2659.,1467.,3477.,1467.,1789.,,,1470.,741.,1470.,2923.,1470.,1274.,1470.,1746.,1470.,2440.
1477.,3124.,1477.,2211.,1477.,2598.,1477.,3475.,1477.,1749.,,,1480.,697.,1480.,2923.,1480.,1261.,1480.,1729.,1480.,2435.
1487.,3079.,1487.,2153.,1487.,2551.,1487.,3472.,1487.,1668.,,,1490.,677.,1490.,2918.,1490.,1248.,1490.,1717.,1490.,2431.
1497.,3060.,1497.,2089.,1497.,2505.,1497.,3462.,1497.,1598.,,,1500.,647.,1500.,2914.,1500.,1223.,1500.,1707.,1500.,2425.
1507.,3036.,1507.,2050.,1507.,2469.,1507.,3455.,1507.,1562.,,,1510.,658.,1510.,2914.,1510.,1235.,1510.,1717.,1510.,2431.
1517.,2999.,1517.,2014.,1517.,2419.,1517.,3449.,1517.,1514.,,,1520.,623.,1520.,2910.,1520.,1219.,1520.,1711.,1520.,2430.
1527.,2978.,1527.,1975.,1527.,2392.,1527.,3440.,1527.,1470.,,,1530.,590.,1530.,2905.,1530.,1195.,1530.,1695.,1530.,2426.
1537.,2953.,1537.,1935.,1537.,2355.,1537.,3430.,1537.,1426.,,,1540.,552.,1540.,2901.,1540.,1169.,1540.,1681.,1540.,2423.
1547.,2933.,1547.,1903.,1547.,2332.,1547.,3420.,1547.,1383.,,,1550.,516.,1550.,2902.,1550.,1148.,1550.,1668.,1550.,2423.
1557.,2931.,1557.,1892.,1557.,2329.,1557.,3410.,1557.,1359.,,,1560.,494.,1560.,2902.,1560.,1129.,1560.,1653.,1560.,2416.
1567.,2929.,1567.,1872.,1567.,2322.,1567.,3390.,1567.,1319.,,,1570.,441.,1570.,2898.,1570.,1103.,1570.,1644.,1570.,2415.
1577.,2936.,1577.,1862.,1577.,2335.,1577.,3384.,1577.,1281.,,,1580.,414.,1580.,2899.,1580.,1090.,1580.,1636.,1580.,2413.
1587.,2955.,1587.,1863.,1587.,2356.,1587.,3376.,1587.,1258.,,,1590.,378.,1590.,2897.,1590.,1072.,1590.,1628.,1590.,2408.
1597.,2987.,1597.,1883.,1597.,2393.,1597.,3363.,1597.,1230.,,,1600.,332.,1600.,2893.,1600.,1062.,1600.,1616.,1600.,2402.
1607.,3026.,1607.,1911.,1607.,2435.,1607.,3356.,1607.,1232.,,,1610.,336.,1610.,2896.,1610.,1052.,1610.,1610.,1610.,2402.
1617.,3066.,1617.,1959.,1617.,2516.,1617.,3349.,1617.,1230.,,,1620.,298.,1620.,2892.,1620.,1037.,1620.,1600.,1620.,2397.
1627.,3114.,1627.,2024.,1627.,2576.,1627.,3341.,1627.,1252.,,,1630.,286.,1630.,2889.,1630.,1024.,1630.,1591.,1630.,2394.
1637.,3185.,1637.,2093.,1637.,2680.,1637.,3331.,1637.,1272.,,,1640.,275.,1640.,2881.,1640.,1017.,1640.,1588.,1640.,2390.
1647.,3253.,1647.,2212.,1647.,2803.,1647.,3327.,1647.,1308.,,,1650.,254.,1650.,2879.,1650.,1012.,1650.,1581.,1650.,2383.
1657.,3321.,1657.,2344.,1657.,2922.,1657.,3319.,1657.,1350.,,,1660.,235.,1660.,2873.,1660.,995.,1660.,1571.,1660.,2383.
1667.,3390.,1667.,2496.,1667.,3059.,1667.,3312.,1667.,1396.,,,1670.,221.,1670.,2869.,1670.,992.,1670.,1566.,1670.,2376.
1677.,3454.,1677.,2626.,1677.,3178.,1677.,3305.,1677.,1474.,,,1680.,213.,1680.,2865.,1680.,995.,1680.,1565.,1680.,2379.
1687.,3516.,1687.,2745.,1687.,3303.,1687.,3298.,1687.,1533.,,,1690.,192.,1690.,2861.,1690.,978.,1690.,1563.,1690.,2382.
1697.,3568.,1697.,2840.,1697.,3404.,1697.,3287.,1697.,1589.,,,1700.,186.,1700.,2857.,1700.,979.,1700.,1560.,1700.,2382.
1707.,3586.,1707.,2906.,1707.,3487.,1707.,3278.,1707.,1608.,,,1710.,169.,1710.,2851.,1710.,981.,1710.,1564.,1710.,2383.
1717.,3617.,1717.,2927.,1717.,3526.,1717.,3263.,1717.,1569.,,,1720.,165.,1720.,2848.,1720.,972.,1720.,1564.,1720.,2387.
1727.,3625.,1727.,2900.,1727.,3566.,1727.,3256.,1727.,1488.,,,1730.,150.,1730.,2840.,1730.,975.,1730.,1563.,1730.,2387.
1737.,3625.,1737.,2827.,1737.,3550.,1737.,3248.,1737.,1318.,,,1740.,130.,1740.,2833.,1740.,956.,1740.,1557.,1740.,2389.
1747.,3608.,1747.,2756.,1747.,3496.,1747.,3242.,1747.,1159.,,,1750.,129.,1750.,2830.,1750.,975.,1750.,1565.,1750.,2396.
1757.,3580.,1757.,2674.,1757.,3422.,1757.,3239.,1757.,1044.,,,1760.,119.,1760.,2825.,1760.,976.,1760.,1569.,1760.,2399.
1767.,3561.,1767.,2590.,1767.,3324.,1767.,3233.,1767.,978.,,,1770.,124.,1770.,2821.,1770.,990.,1770.,1571.,1770.,2406.
1777.,3511.,1777.,2534.,1777.,3234.,1777.,3235.,1777.,968.,,,1780.,127.,1780.,2817.,1780.,1005.,1780.,1582.,1780.,2412.
1787.,3456.,1787.,2463.,1787.,3126.,1787.,3237.,1787.,1017.,,,1790.,149.,1790.,2815.,1790.,1023.,1790.,1595.,1790.,2422.
1797.,3417.,1797.,2412.,1797.,3051.,1797.,3242.,1797.,1129.,,,1800.,167.,1800.,2815.,1800.,1044.,1800.,1620.,1800.,2430.
1807.,3360.,1807.,2363.,1807.,2964.,1807.,3248.,1807.,1247.,,,1810.,181.,1810.,2816.,1810.,1063.,1810.,1643.,1810.,2449.
1817.,3316.,1817.,2318.,1817.,2888.,1817.,3256.,1817.,1362.,,,1820.,223.,1820.,2817.,1820.,1090.,1820.,1659.,1820.,2462.
1827.,3275.,1827.,2289.,1827.,2813.,1827.,3272.,1827.,1440.,,,1830.,253.,1830.,2819.,1830.,1106.,1830.,1691.,1830.,2484.
1837.,3230.,1837.,2265.,1837.,2774.,1837.,3289.,1837.,1515.,,,1840.,292.,1840.,2817.,1840.,1130.,1840.,1719.,1840.,2502.
1847.,3189.,1847.,2213.,1847.,2716.,1847.,3303.,1847.,1522.,,,1850.,309.,1850.,2819.,1850.,1139.,1850.,1751.,1850.,2521.
1857.,3162.,1857.,2161.,1857.,2661.,1857.,3314.,1857.,1510.,,,1860.,320.,1860.,2821.,1860.,1145.,1860.,1775.,1860.,2537.
1867.,3126.,1867.,2112.,1867.,2608.,1867.,3326.,1867.,1469.,,,1870.,322.,1870.,2819.,1870.,1146.,1870.,1789.,1870.,2547.
1877.,3092.,1877.,2063.,1877.,2556.,1877.,3348.,1877.,1440.,,,1880.,308.,1880.,2816.,1880.,1145.,1880.,1811.,1880.,2555.
1887.,3068.,1887.,2034.,1887.,2522.,1887.,3368.,1887.,1402.,,,1890.,288.,1890.,2814.,1890.,1141.,1890.,1830.,1890.,2560.
1897.,3051.,1897.,1985.,1897.,2464.,1897.,3383.,1897.,1366.,,,1900.,246.,1900.,2812.,1900.,1141.,1900.,1841.,1900.,2574.
1907.,3018.,1907.,1945.,1907.,2417.,1907.,3395.,1907.,1335.,,,1910.,224.,1910.,2811.,1910.,1145.,1910.,1864.,1910.,2592.
1917.,2989.,1917.,1912.,1917.,2380.,1917.,3406.,1917.,1321.,,,1920.,194.,1920.,2810.,1920.,1145.,1920.,1889.,1920.,2612.
1927.,2971.,1927.,1901.,1927.,2360.,1927.,3420.,1927.,1325.,,,1930.,171.,1930.,2812.,1930.,1177.,1930.,1914.,1930.,2634.
1937.,2959.,1937.,1892.,1937.,2343.,1937.,3426.,1937.,1325.,,,1940.,159.,1940.,2813.,1940.,1199.,1940.,1955.,1940.,2658.
1947.,2958.,1947.,1897.,1947.,2345.,1947.,3434.,1947.,1332.,,,1950.,126.,1950.,2820.,1950.,1240.,1950.,1991.,1950.,2677.
1957.,2972.,1957.,1904.,1957.,2356.,1957.,3433.,1957.,1337.,,,1960.,124.,1960.,2824.,1960.,1272.,1960.,2034.,1960.,2702.
1967.,2987.,1967.,1920.,1967.,2382.,1967.,3438.,1967.,1339.,,,1970.,119.,1970.,2827.,1970.,1312.,1970.,2061.,1970.,2729.
1977.,3024.,1977.,1962.,1977.,2418.,1977.,3439.,1977.,1351.,,,1980.,116.,1980.,2834.,1980.,1368.,1980.,2109.,1980.,2750.
1987.,3057.,1987.,2024.,1987.,2462.,1987.,3440.,1987.,1366.,,,1990.,124.,1990.,2841.,1990.,1421.,1990.,2161.,1990.,2778.
1997.,3090.,1997.,2091.,1997.,2550.,1997.,3441.,1997.,1394.,,,2000.,125.,2000.,2849.,2000.,1493.,2000.,2212.,2000.,2800.
2007.,3142.,2007.,2187.,2007.,2628.,2007.,3443.,2007.,1449.,,,2010.,171.,2010.,2855.,2010.,1543.,2010.,2268.,2010.,2819.
2017.,3196.,2017.,2295.,2017.,2726.,2017.,3439.,2017.,1532.,,,2020.,215.,2020.,2863.,2020.,1617.,2020.,2305.,2020.,2844.
2027.,3257.,2027.,2399.,2027.,2813.,2027.,3440.,2027.,1675.,,,2030.,244.,2030.,2868.,2030.,1689.,2030.,2358.,2030.,2871.
2037.,3314.,2037.,2482.,2037.,2903.,2037.,3439.,2037.,1791.,,,2040.,320.,2040.,2875.,2040.,1764.,2040.,2413.,2040.,2899.
2047.,3357.,2047.,2550.,2047.,2990.,2047.,3438.,2047.,1887.,,,2050.,378.,2050.,2885.,2050.,1826.,2050.,2462.,2050.,2918.
2057.,3410.,2057.,2611.,2057.,3062.,2057.,3430.,2057.,1920.,,,2060.,459.,2060.,2892.,2060.,1898.,2060.,2511.,2060.,2935.
2067.,3452.,2067.,2685.,2067.,3140.,2067.,3423.,2067.,1938.,,,2070.,522.,2070.,2898.,2070.,1963.,2070.,2550.,2070.,2951.
2077.,3502.,2077.,2777.,2077.,3236.,2077.,3415.,2077.,1926.,,,2080.,619.,2080.,2907.,2080.,2032.,2080.,2581.,2080.,2974.
2087.,3551.,2087.,2860.,2087.,3324.,2087.,3409.,2087.,1913.,,,2090.,711.,2090.,2910.,2090.,2088.,2090.,2625.,2090.,2989.
2097.,3575.,2097.,2957.,2097.,3426.,2097.,3404.,2097.,1898.,,,2100.,796.,2100.,2918.,2100.,2149.,2100.,2667.,2100.,3003.
2107.,3601.,2107.,3053.,2107.,3510.,2107.,3393.,2107.,1870.,,,2110.,885.,2110.,2920.,2110.,2201.,2110.,2694.,2110.,3017.
2117.,3621.,2117.,3109.,2117.,3573.,2117.,3383.,2117.,1843.,,,2120.,976.,2120.,2922.,2120.,2241.,2120.,2726.,2120.,3031.
2127.,3633.,2127.,3157.,2127.,3579.,2127.,3374.,2127.,1835.,,,2130.,1044.,2130.,2926.,2130.,2280.,2130.,2747.,2130.,3042.
2137.,3636.,2137.,3166.,2137.,3613.,2137.,3369.,2137.,1856.,,,2140.,1111.,2140.,2927.,2140.,2298.,2140.,2772.,2140.,3046.
2147.,3630.,2147.,3124.,2147.,3586.,2147.,3358.,2147.,1899.,,,2150.,1154.,2150.,2928.,2150.,2325.,2150.,2794.,2150.,3054.
2157.,3611.,2157.,3065.,2157.,3558.,2157.,3351.,2157.,1935.,,,2160.,1202.,2160.,2931.,2160.,2350.,2160.,2808.,2160.,3058.
2167.,3585.,2167.,2994.,2167.,3485.,2167.,3344.,2167.,1969.,,,2170.,1251.,2170.,2933.,2170.,2377.,2170.,2826.,2170.,3062.
2177.,3568.,2177.,2910.,2177.,3404.,2177.,3344.,2177.,1973.,,,2180.,1279.,2180.,2935.,2180.,2397.,2180.,2854.,2180.,3065.
2187.,3536.,2187.,2817.,2187.,3320.,2187.,3341.,2187.,1957.,,,2190.,1322.,2190.,2936.,2190.,2418.,2190.,2873.,2190.,3070.
2197.,3488.,2197.,2755.,2197.,3238.,2197.,3337.,2197.,1931.,,,2200.,1361.,2200.,2936.,2200.,2435.,2200.,2890.,2200.,3075.
2207.,3441.,2207.,2701.,2207.,3159.,2207.,3337.,2207.,1953.,,,2210.,1393.,2210.,2939.,2210.,2462.,2210.,2912.,2210.,3083.
2217.,3390.,2217.,2658.,2217.,3075.,2217.,3338.,2217.,2014.,,,2220.,1422.,2220.,2941.,2220.,2474.,2220.,2925.,2220.,3087.
2227.,3334.,2227.,2607.,2227.,3026.,2227.,3335.,2227.,2047.,,,2230.,1450.,2230.,2943.,2230.,2486.,2230.,2935.,2230.,3093.
2237.,3303.,2237.,2562.,2237.,2949.,2237.,3334.,2237.,2085.,,,2240.,1472.,2240.,2944.,2240.,2502.,2240.,2944.,2240.,3098.
2247.,3252.,2247.,2541.,2247.,2875.,2247.,3335.,2247.,2096.,,,2250.,1495.,2250.,2943.,2250.,2515.,2250.,2956.,2250.,3104.
2257.,3211.,2257.,2501.,2257.,2844.,2257.,3349.,2257.,2087.,,,2260.,1526.,2260.,2946.,2260.,2525.,2260.,2969.,2260.,3108.
2267.,3182.,2267.,2462.,2267.,2802.,2267.,3355.,2267.,2080.,,,2270.,1533.,2270.,2944.,2270.,2530.,2270.,2975.,2270.,3109.
2277.,3148.,2277.,2421.,2277.,2757.,2277.,3358.,2277.,2047.,,,2280.,1537.,2280.,2945.,2280.,2531.,2280.,2981.,2280.,3107.
2287.,3120.,2287.,2400.,2287.,2725.,2287.,3366.,2287.,2035.,,,2290.,1547.,2290.,2945.,2290.,2531.,2290.,2983.,2290.,3111.
2297.,3095.,2297.,2360.,2297.,2682.,2297.,3372.,2297.,2015.,,,2300.,1553.,2300.,2946.,2300.,2528.,2300.,2987.,2300.,3108.
2307.,3073.,2307.,2331.,2307.,2657.,2307.,3378.,2307.,1980.,,,2310.,1550.,2310.,2944.,2310.,2520.,2310.,2987.,2310.,3106.
2317.,3066.,2317.,2303.,2317.,2636.,2317.,3389.,2317.,1955.,,,2320.,1548.,2320.,2946.,2320.,2515.,2320.,2986.,2320.,3108.
2327.,3065.,2327.,2295.,2327.,2620.,2327.,3402.,2327.,1917.,,,2330.,1538.,2330.,2944.,2330.,2504.,2330.,2985.,2330.,3099.
2337.,3061.,2337.,2294.,2337.,2625.,2337.,3416.,2337.,1892.,,,2340.,1535.,2340.,2942.,2340.,2494.,2340.,2984.,2340.,3099.
2347.,3071.,2347.,2319.,2347.,2653.,2347.,3427.,2347.,1876.,,,2350.,1528.,2350.,2942.,2350.,2485.,2350.,2977.,2350.,3099.
2357.,3087.,2357.,2396.,2357.,2696.,2357.,3437.,2357.,1888.,,,2360.,1519.,2360.,2943.,2360.,2475.,2360.,2970.,2360.,3092.
2367.,3112.,2367.,2485.,2367.,2751.,2367.,3446.,2367.,1946.,,,2370.,1509.,2370.,2945.,2370.,2468.,2370.,2969.,2370.,3089.
2377.,3145.,2377.,2564.,2377.,2807.,2377.,3462.,2377.,2072.,,,2380.,1487.,2380.,2948.,2380.,2455.,2380.,2960.,2380.,3087.
2387.,3171.,2387.,2619.,2387.,2846.,2387.,3477.,2387.,2247.,,,2390.,1468.,2390.,2949.,2390.,2435.,2390.,2947.,2390.,3078.
2397.,3196.,2397.,2639.,2397.,2872.,2397.,3486.,2397.,2369.,,,2400.,1445.,2400.,2946.,2400.,2421.,2400.,2941.,2400.,3079.
2407.,3231.,2407.,2636.,2407.,2899.,2407.,3501.,2407.,2395.,,,2410.,1423.,2410.,2948.,2410.,2412.,2410.,2935.,2410.,3076.
2417.,3258.,2417.,2634.,2417.,2916.,2417.,3512.,2417.,2348.,,,2420.,1397.,2420.,2949.,2420.,2391.,2420.,2923.,2420.,3072.
2427.,3297.,2427.,2646.,2427.,2933.,2427.,3514.,2427.,2296.,,,2430.,1375.,2430.,2946.,2430.,2371.,2430.,2912.,2430.,3070.
2437.,3326.,2437.,2676.,2437.,2978.,2437.,3530.,2437.,2263.,,,2440.,1350.,2440.,2944.,2440.,2355.,2440.,2895.,2440.,3069.
2447.,3373.,2447.,2725.,2447.,3032.,2447.,3535.,2447.,2244.,,,2450.,1329.,2450.,2948.,2450.,2335.,2450.,2879.,2450.,3066.
2457.,3426.,2457.,2789.,2457.,3075.,2457.,3543.,2457.,2244.,,,2460.,1309.,2460.,2947.,2460.,2310.,2460.,2862.,2460.,3063.
2467.,3474.,2467.,2851.,2467.,3155.,2467.,3543.,2467.,2264.,,,2470.,1295.,2470.,2943.,2470.,2298.,2470.,2846.,2470.,3057.
2477.,3527.,2477.,2927.,2477.,3233.,2477.,3544.,2477.,2275.,,,2480.,1282.,2480.,2945.,2480.,2287.,2480.,2828.,2480.,3051.
2487.,3559.,2487.,2997.,2487.,3296.,2487.,3540.,2487.,2286.,,,2490.,1279.,2490.,2944.,2490.,2276.,2490.,2814.,2490.,3046.
2497.,3595.,2497.,3064.,2497.,3396.,2497.,3535.,2497.,2289.,,,2500.,1281.,2500.,2943.,2500.,2258.,2500.,2799.,2500.,3039.
2507.,3633.,2507.,3117.,2507.,3475.,2507.,3529.,2507.,2291.,,,2510.,1288.,2510.,2942.,2510.,2249.,2510.,2788.,2510.,3027.
2517.,3669.,2517.,3171.,2517.,3545.,2517.,3522.,2517.,2286.,,,2520.,1302.,2520.,2941.,2520.,2236.,2520.,2772.,2520.,3018.
2527.,3690.,2527.,3196.,2527.,3581.,2527.,3516.,2527.,2268.,,,2530.,1318.,2530.,2938.,2530.,2225.,2530.,2753.,2530.,3005.
2537.,3700.,2537.,3212.,2537.,3603.,2537.,3507.,2537.,2234.,,,2540.,1339.,2540.,2938.,2540.,2219.,2540.,2737.,2540.,2996.
2547.,3698.,2547.,3207.,2547.,3609.,2547.,3502.,2547.,2225.,,,2550.,1367.,2550.,2935.,2550.,2212.,2550.,2723.,2550.,2988.
2557.,3689.,2557.,3189.,2557.,3584.,2557.,3493.,2557.,2256.,,,2560.,1388.,2560.,2934.,2560.,2202.,2560.,2707.,2560.,2974.
2567.,3669.,2567.,3146.,2567.,3563.,2567.,3485.,2567.,2292.,,,2570.,1413.,2570.,2934.,2570.,2194.,2570.,2691.,2570.,2964.
2577.,3633.,2577.,3083.,2577.,3502.,2577.,3478.,2577.,2320.,,,2580.,1447.,2580.,2931.,2580.,2187.,2580.,2681.,2580.,2950.
2587.,3590.,2587.,3048.,2587.,3430.,2587.,3466.,2587.,2327.,,,2590.,1477.,2590.,2931.,2590.,2180.,2590.,2669.,2590.,2939.
2597.,3567.,2597.,2990.,2597.,3354.,2597.,3456.,2597.,2322.,,,2600.,1506.,2600.,2928.,2600.,2174.,2600.,2658.,2600.,2932.
2600.,3700.,2600.,3215.,2600.,3604.,2600.,3509.,2600.,2233.,,,2610.,1530.,2610.,2927.,2610.,2170.,2610.,2649.,2610.,2923.
,,,,,,,,,,,,2620.,1544.,2620.,2927.,2620.,2164.,2620.,2636.,2620.,2914.
,,,,,,,,,,,,2630.,1582.,2630.,2924.,2630.,2156.,2630.,2621.,2630.,2903.
,,,,,,,,,,,,2640.,1599.,2640.,2924.,2640.,2144.,2640.,2612.,2640.,2894.
,,,,,,,,,,,,2650.,1575.,2650.,2917.,2650.,2106.,2650.,2596.,2650.,2876.
,,,,,,,,,,,,2660.,1587.,2660.,2915.,2660.,2093.,2660.,2583.,2660.,2865.
,,,,,,,,,,,,2670.,1600.,2670.,2910.,2670.,2082.,2670.,2570.,2670.,2854.
,,,,,,,,,,,,2680.,1598.,2680.,2908.,2680.,2065.,2680.,2558.,2680.,2843.
,,,,,,,,,,,,2690.,1596.,2690.,2908.,2690.,2052.,2690.,2550.,2690.,2827.
,,,,,,,,,,,,2700.,1588.,2700.,2900.,2700.,2050.,2700.,2543.,2700.,2816.
,,,,,,,,,,,,2700.,1579.,2700.,2897.,2700.,2047.,2700.,2531.,2700.,2810.
